idx,file,window_in_file,fs_hz,snr_db,sir_db,y_true,cnn2d_prob,cnn2d_error,band_ratio_db,busy_frac,bw_occ_mhz,bw_kaynak
20,Combined_LTE_DSSS_frame_103,0,15360000.0,10.0,0.0,1,0.99675035,dogru,15.823,1.0,9.0,metadata:LTE_BW
21,Combined_LTE_DSSS_frame_103,1,15360000.0,10.0,0.0,1,0.99622857,dogru,15.842,1.0,9.0,metadata:LTE_BW
22,Combined_LTE_DSSS_frame_103,2,15360000.0,10.0,0.0,1,0.9968565,dogru,15.846,1.0,9.0,metadata:LTE_BW
23,Combined_LTE_DSSS_frame_103,3,15360000.0,10.0,0.0,1,0.9967195233333334,dogru,16.079,1.0,9.0,metadata:LTE_BW
36,Combined_LTE_DSSS_frame_107,0,15360000.0,10.0,10.0,1,0.5670744866666667,dogru,12.989,1.0,9.0,metadata:LTE_BW
37,Combined_LTE_DSSS_frame_107,1,15360000.0,10.0,10.0,1,0.5560435633333333,dogru,12.931,1.0,9.0,metadata:LTE_BW
38,Combined_LTE_DSSS_frame_107,2,15360000.0,10.0,10.0,1,0.5602450333333334,dogru,13.218,1.0,9.0,metadata:LTE_BW
39,Combined_LTE_DSSS_frame_107,3,15360000.0,10.0,10.0,1,0.5474277533333333,dogru,12.941,1.0,9.0,metadata:LTE_BW
76,Combined_LTE_DSSS_frame_116,0,15360000.0,5.0,0.0,1,0.9954271933333332,dogru,11.261,1.0,9.0,metadata:LTE_BW
77,Combined_LTE_DSSS_frame_116,1,15360000.0,5.0,0.0,1,0.9925319766666668,dogru,11.125,1.0,9.0,metadata:LTE_BW
78,Combined_LTE_DSSS_frame_116,2,15360000.0,5.0,0.0,1,0.99300899,dogru,11.106,1.0,9.0,metadata:LTE_BW
79,Combined_LTE_DSSS_frame_116,3,15360000.0,5.0,0.0,1,0.99373789,dogru,11.145,1.0,9.0,metadata:LTE_BW
88,Combined_LTE_DSSS_frame_119,0,15360000.0,5.0,10.0,1,0.5537017999999999,dogru,8.441,0.975,9.0,metadata:LTE_BW
89,Combined_LTE_DSSS_frame_119,1,15360000.0,5.0,10.0,1,0.4967932333333333,FN,8.384,0.969,9.0,metadata:LTE_BW
90,Combined_LTE_DSSS_frame_119,2,15360000.0,5.0,10.0,1,0.5595951566666667,dogru,8.475,0.965,9.0,metadata:LTE_BW
91,Combined_LTE_DSSS_frame_119,3,15360000.0,5.0,10.0,1,0.5086946766666668,dogru,8.402,0.973,9.0,metadata:LTE_BW
120,Combined_LTE_DSSS_frame_126,0,15360000.0,10.0,10.0,1,0.6057096500000001,dogru,12.887,1.0,9.0,metadata:LTE_BW
121,Combined_LTE_DSSS_frame_126,1,15360000.0,10.0,10.0,1,0.6386067666666667,dogru,12.889,1.0,9.0,metadata:LTE_BW
122,Combined_LTE_DSSS_frame_126,2,15360000.0,10.0,10.0,1,0.5316202733333334,dogru,13.307,1.0,9.0,metadata:LTE_BW
123,Combined_LTE_DSSS_frame_126,3,15360000.0,10.0,10.0,1,0.6065032833333334,dogru,13.074,1.0,9.0,metadata:LTE_BW
132,Combined_LTE_DSSS_frame_129,0,15360000.0,0.0,5.0,1,0.8507555333333333,dogru,5.202,0.961,9.0,metadata:LTE_BW
133,Combined_LTE_DSSS_frame_129,1,15360000.0,0.0,5.0,1,0.8496518666666667,dogru,5.288,0.957,9.0,metadata:LTE_BW
134,Combined_LTE_DSSS_frame_129,2,15360000.0,0.0,5.0,1,0.8512146399999999,dogru,5.29,0.963,9.0,metadata:LTE_BW
135,Combined_LTE_DSSS_frame_129,3,15360000.0,0.0,5.0,1,0.89237267,dogru,5.305,0.971,9.0,metadata:LTE_BW
180,Combined_LTE_DSSS_frame_14,0,7680000.0,10.0,0.0,1,0.9811609533333332,dogru,15.833,1.0,4.5,metadata:LTE_BW
181,Combined_LTE_DSSS_frame_14,1,7680000.0,10.0,0.0,1,0.9722374466666668,dogru,15.816,1.0,4.5,metadata:LTE_BW
182,Combined_LTE_DSSS_frame_14,2,7680000.0,10.0,0.0,1,0.98183258,dogru,15.913,1.0,4.5,metadata:LTE_BW
183,Combined_LTE_DSSS_frame_14,3,7680000.0,10.0,0.0,1,0.9747201666666668,dogru,15.793,1.0,4.5,metadata:LTE_BW
268,Combined_LTE_DSSS_frame_16,0,7680000.0,10.0,5.0,1,0.6837425333333332,dogru,13.802,1.0,4.5,metadata:LTE_BW
269,Combined_LTE_DSSS_frame_16,1,7680000.0,10.0,5.0,1,0.6863300766666667,dogru,13.82,1.0,4.5,metadata:LTE_BW
270,Combined_LTE_DSSS_frame_16,2,7680000.0,10.0,5.0,1,0.7477049666666667,dogru,13.847,1.0,4.5,metadata:LTE_BW
271,Combined_LTE_DSSS_frame_16,3,7680000.0,10.0,5.0,1,0.6440861033333333,dogru,13.706,1.0,4.5,metadata:LTE_BW
272,Combined_LTE_DSSS_frame_160,0,30720000.0,10.0,5.0,1,0.8782961133333332,dogru,15.353,1.0,13.5,metadata:LTE_BW
273,Combined_LTE_DSSS_frame_160,1,30720000.0,10.0,5.0,1,0.9256025833333332,dogru,14.721,1.0,13.5,metadata:LTE_BW
274,Combined_LTE_DSSS_frame_160,2,30720000.0,10.0,5.0,1,0.8754103666666667,dogru,15.416,1.0,13.5,metadata:LTE_BW
275,Combined_LTE_DSSS_frame_160,3,30720000.0,10.0,5.0,1,0.8914966,dogru,14.588,1.0,13.5,metadata:LTE_BW
292,Combined_LTE_DSSS_frame_165,0,30720000.0,0.0,5.0,1,0.9270988,dogru,6.472,1.0,13.5,metadata:LTE_BW
293,Combined_LTE_DSSS_frame_165,1,30720000.0,0.0,5.0,1,0.8250005533333334,dogru,5.863,0.973,13.5,metadata:LTE_BW
294,Combined_LTE_DSSS_frame_165,2,30720000.0,0.0,5.0,1,0.9234041466666666,dogru,6.287,0.996,13.5,metadata:LTE_BW
295,Combined_LTE_DSSS_frame_165,3,30720000.0,0.0,5.0,1,0.8298202166666666,dogru,5.907,0.977,13.5,metadata:LTE_BW
300,Combined_LTE_DSSS_frame_167,0,30720000.0,0.0,10.0,1,0.7361867833333333,dogru,5.804,0.957,13.5,metadata:LTE_BW
301,Combined_LTE_DSSS_frame_167,1,30720000.0,0.0,10.0,1,0.5142192166666666,dogru,4.994,0.787,13.5,metadata:LTE_BW
302,Combined_LTE_DSSS_frame_167,2,30720000.0,0.0,10.0,1,0.7582790166666666,dogru,5.817,0.953,13.5,metadata:LTE_BW
303,Combined_LTE_DSSS_frame_167,3,30720000.0,0.0,10.0,1,0.61121586,dogru,5.414,0.881,13.5,metadata:LTE_BW
316,Combined_LTE_DSSS_frame_170,0,30720000.0,5.0,0.0,1,0.99670389,dogru,11.959,1.0,13.5,metadata:LTE_BW
317,Combined_LTE_DSSS_frame_170,1,30720000.0,5.0,0.0,1,0.9972492333333332,dogru,12.484,1.0,13.5,metadata:LTE_BW
318,Combined_LTE_DSSS_frame_170,2,30720000.0,5.0,0.0,1,0.9966057666666668,dogru,12.09,1.0,13.5,metadata:LTE_BW
319,Combined_LTE_DSSS_frame_170,3,30720000.0,5.0,0.0,1,0.9973885666666668,dogru,12.505,1.0,13.5,metadata:LTE_BW
328,Combined_LTE_DSSS_frame_173,0,30720000.0,5.0,10.0,1,0.6573715633333334,dogru,9.037,0.977,13.5,metadata:LTE_BW
329,Combined_LTE_DSSS_frame_173,1,30720000.0,5.0,10.0,1,0.7740290233333332,dogru,9.783,1.0,13.5,metadata:LTE_BW
330,Combined_LTE_DSSS_frame_173,2,30720000.0,5.0,10.0,1,0.6338096566666667,dogru,9.123,0.982,13.5,metadata:LTE_BW
331,Combined_LTE_DSSS_frame_173,3,30720000.0,5.0,10.0,1,0.7351969166666666,dogru,9.96,1.0,13.5,metadata:LTE_BW
368,Combined_LTE_DSSS_frame_182,0,30720000.0,0.0,0.0,1,0.9965128333333334,dogru,8.058,1.0,13.5,metadata:LTE_BW
369,Combined_LTE_DSSS_frame_182,1,30720000.0,0.0,0.0,1,0.9947255333333334,dogru,7.684,1.0,13.5,metadata:LTE_BW
370,Combined_LTE_DSSS_frame_182,2,30720000.0,0.0,0.0,1,0.9969341666666668,dogru,7.955,1.0,13.5,metadata:LTE_BW
371,Combined_LTE_DSSS_frame_182,3,30720000.0,0.0,0.0,1,0.9927373866666668,dogru,7.586,1.0,13.5,metadata:LTE_BW
404,Combined_LTE_DSSS_frame_190,0,30720000.0,5.0,5.0,1,0.9428631866666668,dogru,10.588,1.0,13.5,metadata:LTE_BW
405,Combined_LTE_DSSS_frame_190,1,30720000.0,5.0,5.0,1,0.92044959,dogru,10.122,1.0,13.5,metadata:LTE_BW
406,Combined_LTE_DSSS_frame_190,2,30720000.0,5.0,5.0,1,0.95365192,dogru,10.738,1.0,13.5,metadata:LTE_BW
407,Combined_LTE_DSSS_frame_190,3,30720000.0,5.0,5.0,1,0.93887962,dogru,10.552,1.0,13.5,metadata:LTE_BW
432,Combined_LTE_DSSS_frame_197,0,30720000.0,10.0,10.0,1,0.8063564766666667,dogru,13.655,1.0,13.5,metadata:LTE_BW
433,Combined_LTE_DSSS_frame_197,1,30720000.0,10.0,10.0,1,0.8041312266666667,dogru,14.663,1.0,13.5,metadata:LTE_BW
434,Combined_LTE_DSSS_frame_197,2,30720000.0,10.0,10.0,1,0.8301586466666665,dogru,13.721,1.0,13.5,metadata:LTE_BW
435,Combined_LTE_DSSS_frame_197,3,30720000.0,10.0,10.0,1,0.8223634066666667,dogru,14.575,1.0,13.5,metadata:LTE_BW
436,Combined_LTE_DSSS_frame_198,0,30720000.0,10.0,10.0,1,0.8059746166666666,dogru,14.579,1.0,13.5,metadata:LTE_BW
437,Combined_LTE_DSSS_frame_198,1,30720000.0,10.0,10.0,1,0.7834669833333333,dogru,14.477,1.0,13.5,metadata:LTE_BW
438,Combined_LTE_DSSS_frame_198,2,30720000.0,10.0,10.0,1,0.8580619033333333,dogru,14.215,1.0,13.5,metadata:LTE_BW
439,Combined_LTE_DSSS_frame_198,3,30720000.0,10.0,10.0,1,0.8400137500000001,dogru,14.631,1.0,13.5,metadata:LTE_BW
444,Combined_LTE_DSSS_frame_2,0,7680000.0,0.0,0.0,1,0.9799754333333331,dogru,6.777,1.0,4.5,metadata:LTE_BW
445,Combined_LTE_DSSS_frame_2,1,7680000.0,0.0,0.0,1,0.98211828,dogru,6.875,1.0,4.5,metadata:LTE_BW
446,Combined_LTE_DSSS_frame_2,2,7680000.0,0.0,0.0,1,0.9848324333333331,dogru,6.896,1.0,4.5,metadata:LTE_BW
447,Combined_LTE_DSSS_frame_2,3,7680000.0,0.0,0.0,1,0.9797095666666666,dogru,6.837,0.994,4.5,metadata:LTE_BW
452,Combined_LTE_DSSS_frame_200,0,30720000.0,0.0,0.0,1,0.99561865,dogru,8.017,1.0,13.5,metadata:LTE_BW
453,Combined_LTE_DSSS_frame_200,1,30720000.0,0.0,0.0,1,0.9877080633333332,dogru,7.582,1.0,13.5,metadata:LTE_BW
454,Combined_LTE_DSSS_frame_200,2,30720000.0,0.0,0.0,1,0.9965092233333334,dogru,7.962,1.0,13.5,metadata:LTE_BW
455,Combined_LTE_DSSS_frame_200,3,30720000.0,0.0,0.0,1,0.9881803766666668,dogru,7.589,1.0,13.5,metadata:LTE_BW
464,Combined_LTE_DSSS_frame_203,0,30720000.0,0.0,10.0,1,0.7607476200000001,dogru,5.607,0.945,13.5,metadata:LTE_BW
465,Combined_LTE_DSSS_frame_203,1,30720000.0,0.0,10.0,1,0.5202703,dogru,5.134,0.818,13.5,metadata:LTE_BW
466,Combined_LTE_DSSS_frame_203,2,30720000.0,0.0,10.0,1,0.7629324,dogru,5.766,0.975,13.5,metadata:LTE_BW
467,Combined_LTE_DSSS_frame_203,3,30720000.0,0.0,10.0,1,0.5071169333333333,dogru,5.149,0.799,13.5,metadata:LTE_BW
468,Combined_LTE_DSSS_frame_204,0,30720000.0,0.0,10.0,1,0.7963603599999999,dogru,5.766,0.953,13.5,metadata:LTE_BW
469,Combined_LTE_DSSS_frame_204,1,30720000.0,0.0,10.0,1,0.5959997,dogru,5.307,0.852,13.5,metadata:LTE_BW
470,Combined_LTE_DSSS_frame_204,2,30720000.0,0.0,10.0,1,0.74488355,dogru,5.792,0.967,13.5,metadata:LTE_BW
471,Combined_LTE_DSSS_frame_204,3,30720000.0,0.0,10.0,1,0.7331872,dogru,5.504,0.916,13.5,metadata:LTE_BW
560,Combined_LTE_DSSS_frame_225,0,30720000.0,5.0,5.0,1,0.7232893466666667,dogru,9.526,1.0,18.0,metadata:LTE_BW
561,Combined_LTE_DSSS_frame_225,1,30720000.0,5.0,5.0,1,0.7062407166666667,dogru,8.934,1.0,18.0,metadata:LTE_BW
562,Combined_LTE_DSSS_frame_225,2,30720000.0,5.0,5.0,1,0.6827459533333333,dogru,9.599,1.0,18.0,metadata:LTE_BW
563,Combined_LTE_DSSS_frame_225,3,30720000.0,5.0,5.0,1,0.6929450633333333,dogru,8.914,1.0,18.0,metadata:LTE_BW
584,Combined_LTE_DSSS_frame_230,0,30720000.0,10.0,0.0,1,0.9655983866666666,dogru,15.605,1.0,18.0,metadata:LTE_BW
585,Combined_LTE_DSSS_frame_230,1,30720000.0,10.0,0.0,1,0.9382820166666668,dogru,16.129,1.0,18.0,metadata:LTE_BW
586,Combined_LTE_DSSS_frame_230,2,30720000.0,10.0,0.0,1,0.9601565333333334,dogru,15.623,1.0,18.0,metadata:LTE_BW
587,Combined_LTE_DSSS_frame_230,3,30720000.0,10.0,0.0,1,0.9331291233333332,dogru,16.085,1.0,18.0,metadata:LTE_BW
620,Combined_LTE_DSSS_frame_239,0,30720000.0,0.0,10.0,1,0.6676641166666667,dogru,4.921,0.922,18.0,metadata:LTE_BW
621,Combined_LTE_DSSS_frame_239,1,30720000.0,0.0,10.0,1,0.3871456566666666,FN,4.25,0.771,18.0,metadata:LTE_BW
622,Combined_LTE_DSSS_frame_239,2,30720000.0,0.0,10.0,1,0.6333872433333333,dogru,4.966,0.93,18.0,metadata:LTE_BW
623,Combined_LTE_DSSS_frame_239,3,30720000.0,0.0,10.0,1,0.43967913,FN,4.215,0.75,18.0,metadata:LTE_BW
632,Combined_LTE_DSSS_frame_241,0,30720000.0,5.0,0.0,1,0.9942971233333332,dogru,10.986,1.0,18.0,metadata:LTE_BW
633,Combined_LTE_DSSS_frame_241,1,30720000.0,5.0,0.0,1,0.9947912666666668,dogru,11.349,1.0,18.0,metadata:LTE_BW
634,Combined_LTE_DSSS_frame_241,2,30720000.0,5.0,0.0,1,0.9944858,dogru,10.932,1.0,18.0,metadata:LTE_BW
635,Combined_LTE_DSSS_frame_241,3,30720000.0,5.0,0.0,1,0.99448418,dogru,11.321,1.0,18.0,metadata:LTE_BW
660,Combined_LTE_DSSS_frame_248,0,30720000.0,10.0,0.0,1,0.9827611833333334,dogru,16.09,1.0,18.0,metadata:LTE_BW
661,Combined_LTE_DSSS_frame_248,1,30720000.0,10.0,0.0,1,0.9866289266666666,dogru,15.62,1.0,18.0,metadata:LTE_BW
662,Combined_LTE_DSSS_frame_248,2,30720000.0,10.0,0.0,1,0.9904937,dogru,16.095,1.0,18.0,metadata:LTE_BW
663,Combined_LTE_DSSS_frame_248,3,30720000.0,10.0,0.0,1,0.9859816666666666,dogru,15.747,1.0,18.0,metadata:LTE_BW
668,Combined_LTE_DSSS_frame_25,0,7680000.0,5.0,0.0,1,0.9973473133333334,dogru,11.167,1.0,4.5,metadata:LTE_BW
669,Combined_LTE_DSSS_frame_25,1,7680000.0,5.0,0.0,1,0.9973484333333332,dogru,11.173,1.0,4.5,metadata:LTE_BW
670,Combined_LTE_DSSS_frame_25,2,7680000.0,5.0,0.0,1,0.9971446333333333,dogru,11.121,1.0,4.5,metadata:LTE_BW
671,Combined_LTE_DSSS_frame_25,3,7680000.0,5.0,0.0,1,0.9969372166666668,dogru,11.123,1.0,4.5,metadata:LTE_BW
672,Combined_LTE_DSSS_frame_250,0,30720000.0,10.0,5.0,1,0.77732855,dogru,14.2,1.0,18.0,metadata:LTE_BW
673,Combined_LTE_DSSS_frame_250,1,30720000.0,10.0,5.0,1,0.8708542033333333,dogru,13.453,1.0,18.0,metadata:LTE_BW
674,Combined_LTE_DSSS_frame_250,2,30720000.0,10.0,5.0,1,0.7824324333333333,dogru,14.192,1.0,18.0,metadata:LTE_BW
675,Combined_LTE_DSSS_frame_250,3,30720000.0,10.0,5.0,1,0.8862436033333334,dogru,13.597,1.0,18.0,metadata:LTE_BW
688,Combined_LTE_DSSS_frame_254,0,30720000.0,0.0,0.0,1,0.9890651233333332,dogru,6.728,1.0,18.0,metadata:LTE_BW
689,Combined_LTE_DSSS_frame_254,1,30720000.0,0.0,0.0,1,0.9943901833333334,dogru,6.93,1.0,18.0,metadata:LTE_BW
690,Combined_LTE_DSSS_frame_254,2,30720000.0,0.0,0.0,1,0.9945152333333334,dogru,6.858,1.0,18.0,metadata:LTE_BW
691,Combined_LTE_DSSS_frame_254,3,30720000.0,0.0,0.0,1,0.9959825033333334,dogru,6.919,1.0,18.0,metadata:LTE_BW
716,Combined_LTE_DSSS_frame_260,0,30720000.0,5.0,0.0,1,0.9960980333333334,dogru,11.012,1.0,18.0,metadata:LTE_BW
717,Combined_LTE_DSSS_frame_260,1,30720000.0,5.0,0.0,1,0.99696262,dogru,11.393,1.0,18.0,metadata:LTE_BW
718,Combined_LTE_DSSS_frame_260,2,30720000.0,5.0,0.0,1,0.9973206133333332,dogru,11.228,1.0,18.0,metadata:LTE_BW
719,Combined_LTE_DSSS_frame_260,3,30720000.0,5.0,0.0,1,0.9969842333333334,dogru,11.224,0.998,18.0,metadata:LTE_BW
724,Combined_LTE_DSSS_frame_262,0,30720000.0,5.0,5.0,1,0.7812786066666667,dogru,9.338,1.0,18.0,metadata:LTE_BW
725,Combined_LTE_DSSS_frame_262,1,30720000.0,5.0,5.0,1,0.7696008,dogru,9.51,1.0,18.0,metadata:LTE_BW
726,Combined_LTE_DSSS_frame_262,2,30720000.0,5.0,5.0,1,0.8002777499999999,dogru,9.638,1.0,18.0,metadata:LTE_BW
727,Combined_LTE_DSSS_frame_262,3,30720000.0,5.0,5.0,1,0.7453396133333333,dogru,9.244,1.0,18.0,metadata:LTE_BW
732,Combined_LTE_DSSS_frame_264,0,30720000.0,5.0,10.0,1,0.39564114,FN,8.696,0.996,18.0,metadata:LTE_BW
733,Combined_LTE_DSSS_frame_264,1,30720000.0,5.0,10.0,1,0.4538743,FN,8.038,0.943,18.0,metadata:LTE_BW
734,Combined_LTE_DSSS_frame_264,2,30720000.0,5.0,10.0,1,0.38353772,FN,8.88,0.998,18.0,metadata:LTE_BW
735,Combined_LTE_DSSS_frame_264,3,30720000.0,5.0,10.0,1,0.3804424933333334,FN,7.973,0.938,18.0,metadata:LTE_BW
740,Combined_LTE_DSSS_frame_266,0,30720000.0,10.0,0.0,1,0.9924924333333336,dogru,15.582,1.0,18.0,metadata:LTE_BW
741,Combined_LTE_DSSS_frame_266,1,30720000.0,10.0,0.0,1,0.9959762,dogru,16.122,1.0,18.0,metadata:LTE_BW
742,Combined_LTE_DSSS_frame_266,2,30720000.0,10.0,0.0,1,0.9941707233333332,dogru,15.804,1.0,18.0,metadata:LTE_BW
743,Combined_LTE_DSSS_frame_266,3,30720000.0,10.0,0.0,1,0.9938922666666666,dogru,16.133,1.0,18.0,metadata:LTE_BW
780,Combined_LTE_DSSS_frame_275,0,30720000.0,0.0,10.0,1,0.6565636166666667,dogru,4.902,0.934,18.0,metadata:LTE_BW
781,Combined_LTE_DSSS_frame_275,1,30720000.0,0.0,10.0,1,0.4488507733333333,FN,4.413,0.777,18.0,metadata:LTE_BW
782,Combined_LTE_DSSS_frame_275,2,30720000.0,0.0,10.0,1,0.6868771833333334,dogru,4.945,0.918,18.0,metadata:LTE_BW
783,Combined_LTE_DSSS_frame_275,3,30720000.0,0.0,10.0,1,0.39992851,FN,4.193,0.752,18.0,metadata:LTE_BW
816,Combined_LTE_DSSS_frame_283,0,30720000.0,10.0,0.0,1,0.9974357966666666,dogru,15.604,1.0,18.0,metadata:LTE_BW
817,Combined_LTE_DSSS_frame_283,1,30720000.0,10.0,0.0,1,0.9983549333333334,dogru,16.069,1.0,18.0,metadata:LTE_BW
818,Combined_LTE_DSSS_frame_283,2,30720000.0,10.0,0.0,1,0.99719469,dogru,15.589,1.0,18.0,metadata:LTE_BW
819,Combined_LTE_DSSS_frame_283,3,30720000.0,10.0,0.0,1,0.9985819666666668,dogru,15.986,1.0,18.0,metadata:LTE_BW
828,Combined_LTE_DSSS_frame_286,0,30720000.0,10.0,5.0,1,0.8961237799999999,dogru,14.175,1.0,18.0,metadata:LTE_BW
829,Combined_LTE_DSSS_frame_286,1,30720000.0,10.0,5.0,1,0.88159931,dogru,13.688,1.0,18.0,metadata:LTE_BW
830,Combined_LTE_DSSS_frame_286,2,30720000.0,10.0,5.0,1,0.8901407833333334,dogru,14.309,1.0,18.0,metadata:LTE_BW
831,Combined_LTE_DSSS_frame_286,3,30720000.0,10.0,5.0,1,0.9013388766666668,dogru,13.931,1.0,18.0,metadata:LTE_BW
852,Combined_LTE_DSSS_frame_31,0,7680000.0,10.0,0.0,1,0.9882932533333334,dogru,15.847,1.0,4.5,metadata:LTE_BW
853,Combined_LTE_DSSS_frame_31,1,7680000.0,10.0,0.0,1,0.9906728466666668,dogru,15.842,1.0,4.5,metadata:LTE_BW
854,Combined_LTE_DSSS_frame_31,2,7680000.0,10.0,0.0,1,0.9925443966666666,dogru,15.89,1.0,4.5,metadata:LTE_BW
855,Combined_LTE_DSSS_frame_31,3,7680000.0,10.0,0.0,1,0.9872010733333332,dogru,15.915,1.0,4.5,metadata:LTE_BW
888,Combined_LTE_DSSS_frame_4,0,7680000.0,0.0,5.0,1,0.9084399133333334,dogru,5.325,0.971,4.5,metadata:LTE_BW
889,Combined_LTE_DSSS_frame_4,1,7680000.0,0.0,5.0,1,0.90244628,dogru,5.345,0.961,4.5,metadata:LTE_BW
890,Combined_LTE_DSSS_frame_4,2,7680000.0,0.0,5.0,1,0.8891891533333333,dogru,5.317,0.969,4.5,metadata:LTE_BW
891,Combined_LTE_DSSS_frame_4,3,7680000.0,0.0,5.0,1,0.8945354600000001,dogru,5.251,0.963,4.5,metadata:LTE_BW
944,Combined_LTE_DSSS_frame_52,0,7680000.0,10.0,5.0,1,0.8449369333333333,dogru,13.995,1.0,4.5,metadata:LTE_BW
945,Combined_LTE_DSSS_frame_52,1,7680000.0,10.0,5.0,1,0.8421800833333334,dogru,13.851,1.0,4.5,metadata:LTE_BW
946,Combined_LTE_DSSS_frame_52,2,7680000.0,10.0,5.0,1,0.8381628066666668,dogru,13.819,1.0,4.5,metadata:LTE_BW
947,Combined_LTE_DSSS_frame_52,3,7680000.0,10.0,5.0,1,0.8058755,dogru,13.79,1.0,4.5,metadata:LTE_BW
948,Combined_LTE_DSSS_frame_53,0,7680000.0,10.0,10.0,1,0.5470025833333333,dogru,13.021,1.0,4.5,metadata:LTE_BW
949,Combined_LTE_DSSS_frame_53,1,7680000.0,10.0,10.0,1,0.6733983733333333,dogru,13.042,1.0,4.5,metadata:LTE_BW
950,Combined_LTE_DSSS_frame_53,2,7680000.0,10.0,10.0,1,0.5978699733333332,dogru,13.083,1.0,4.5,metadata:LTE_BW
951,Combined_LTE_DSSS_frame_53,3,7680000.0,10.0,10.0,1,0.5920636066666667,dogru,13.012,1.0,4.5,metadata:LTE_BW
1000,Combined_LTE_DSSS_frame_65,0,7680000.0,5.0,10.0,1,0.5241764933333334,dogru,8.367,0.973,4.5,metadata:LTE_BW
1001,Combined_LTE_DSSS_frame_65,1,7680000.0,5.0,10.0,1,0.5558389199999999,dogru,8.382,0.957,4.5,metadata:LTE_BW
1002,Combined_LTE_DSSS_frame_65,2,7680000.0,5.0,10.0,1,0.5927667366666667,dogru,8.486,0.982,4.5,metadata:LTE_BW
1003,Combined_LTE_DSSS_frame_65,3,7680000.0,5.0,10.0,1,0.67198958,dogru,8.635,0.979,4.5,metadata:LTE_BW
1020,Combined_LTE_DSSS_frame_7,0,7680000.0,5.0,0.0,1,0.9828030333333334,dogru,11.186,1.0,4.5,metadata:LTE_BW
1021,Combined_LTE_DSSS_frame_7,1,7680000.0,5.0,0.0,1,0.9799727366666668,dogru,11.127,1.0,4.5,metadata:LTE_BW
1022,Combined_LTE_DSSS_frame_7,2,7680000.0,5.0,0.0,1,0.9804610566666666,dogru,11.168,1.0,4.5,metadata:LTE_BW
1023,Combined_LTE_DSSS_frame_7,3,7680000.0,5.0,0.0,1,0.9774173166666666,dogru,11.045,1.0,4.5,metadata:LTE_BW
1116,Combined_LTE_DSSS_frame_91,0,15360000.0,0.0,0.0,1,0.9951553,dogru,6.776,1.0,9.0,metadata:LTE_BW
1117,Combined_LTE_DSSS_frame_91,1,15360000.0,0.0,0.0,1,0.9973928833333332,dogru,7.051,1.0,9.0,metadata:LTE_BW
1118,Combined_LTE_DSSS_frame_91,2,15360000.0,0.0,0.0,1,0.9955518866666666,dogru,6.833,1.0,9.0,metadata:LTE_BW
1119,Combined_LTE_DSSS_frame_91,3,15360000.0,0.0,0.0,1,0.9951735133333334,dogru,6.801,1.0,9.0,metadata:LTE_BW
1120,Combined_LTE_DSSS_frame_92,0,15360000.0,0.0,0.0,1,0.9905643666666668,dogru,6.863,1.0,9.0,metadata:LTE_BW
1121,Combined_LTE_DSSS_frame_92,1,15360000.0,0.0,0.0,1,0.9894935166666666,dogru,6.77,1.0,9.0,metadata:LTE_BW
1122,Combined_LTE_DSSS_frame_92,2,15360000.0,0.0,0.0,1,0.9936891266666666,dogru,6.976,1.0,9.0,metadata:LTE_BW
1123,Combined_LTE_DSSS_frame_92,3,15360000.0,0.0,0.0,1,0.9902209866666666,dogru,6.71,1.0,9.0,metadata:LTE_BW
1172,OnlyLTE_frame_103,0,30720000.0,5.0,,0,0.2378942933333333,dogru,8.44,0.949,18.0,metadata:LTE_BW
1173,OnlyLTE_frame_103,1,30720000.0,5.0,,0,0.2066037633333333,dogru,7.978,0.883,18.0,metadata:LTE_BW
1174,OnlyLTE_frame_103,2,30720000.0,5.0,,0,0.1845600233333333,dogru,8.387,0.969,18.0,metadata:LTE_BW
1175,OnlyLTE_frame_103,3,30720000.0,5.0,,0,0.20498938,dogru,7.449,0.797,18.0,metadata:LTE_BW
1188,OnlyLTE_frame_107,0,30720000.0,5.0,,0,0.26889689,dogru,7.528,0.805,18.0,metadata:LTE_BW
1189,OnlyLTE_frame_107,1,30720000.0,5.0,,0,0.2320991466666666,dogru,8.35,0.963,18.0,metadata:LTE_BW
1190,OnlyLTE_frame_107,2,30720000.0,5.0,,0,0.2576358866666666,dogru,7.537,0.799,18.0,metadata:LTE_BW
1191,OnlyLTE_frame_107,3,30720000.0,5.0,,0,0.1944337133333333,dogru,8.386,0.957,18.0,metadata:LTE_BW
1228,OnlyLTE_frame_116,0,30720000.0,10.0,,0,0.1258677233333333,dogru,13.027,1.0,18.0,metadata:LTE_BW
1229,OnlyLTE_frame_116,1,30720000.0,10.0,,0,0.3309651766666666,dogru,11.793,0.869,18.0,metadata:LTE_BW
1230,OnlyLTE_frame_116,2,30720000.0,10.0,,0,0.13081913,dogru,12.946,0.998,18.0,metadata:LTE_BW
1231,OnlyLTE_frame_116,3,30720000.0,10.0,,0,0.1997274966666666,dogru,12.293,0.912,18.0,metadata:LTE_BW
1240,OnlyLTE_frame_119,0,30720000.0,10.0,,0,0.3338691366666667,dogru,11.735,0.865,18.0,metadata:LTE_BW
1241,OnlyLTE_frame_119,1,30720000.0,10.0,,0,0.1046190463333333,dogru,13.001,0.998,18.0,metadata:LTE_BW
1242,OnlyLTE_frame_119,2,30720000.0,10.0,,0,0.26129646,dogru,12.046,0.861,18.0,metadata:LTE_BW
1243,OnlyLTE_frame_119,3,30720000.0,10.0,,0,0.1501410666666666,dogru,12.974,0.998,18.0,metadata:LTE_BW
1256,OnlyLTE_frame_14,0,7680000.0,5.0,,0,0.3163033833333333,dogru,7.941,0.93,4.5,metadata:LTE_BW
1257,OnlyLTE_frame_14,1,7680000.0,5.0,,0,0.2958013566666667,dogru,7.827,0.928,4.5,metadata:LTE_BW
1258,OnlyLTE_frame_14,2,7680000.0,5.0,,0,0.3471209,dogru,8.05,0.932,4.5,metadata:LTE_BW
1259,OnlyLTE_frame_14,3,7680000.0,5.0,,0,0.43568563,dogru,8.229,0.965,4.5,metadata:LTE_BW
1264,OnlyLTE_frame_16,0,7680000.0,5.0,,0,0.3952045566666666,dogru,8.187,0.955,4.5,metadata:LTE_BW
1265,OnlyLTE_frame_16,1,7680000.0,5.0,,0,0.3820478833333333,dogru,8.053,0.93,4.5,metadata:LTE_BW
1266,OnlyLTE_frame_16,2,7680000.0,5.0,,0,0.32413609,dogru,7.873,0.916,4.5,metadata:LTE_BW
1267,OnlyLTE_frame_16,3,7680000.0,5.0,,0,0.2733377266666666,dogru,7.994,0.922,4.5,metadata:LTE_BW
1280,OnlyLTE_frame_2,0,7680000.0,0.0,,0,0.5644958666666667,FP,4.324,0.82,4.5,metadata:LTE_BW
1281,OnlyLTE_frame_2,1,7680000.0,0.0,,0,0.60377139,FP,4.535,0.867,4.5,metadata:LTE_BW
1282,OnlyLTE_frame_2,2,7680000.0,0.0,,0,0.5678966666666666,FP,4.374,0.844,4.5,metadata:LTE_BW
1283,OnlyLTE_frame_2,3,7680000.0,0.0,,0,0.5600884733333333,FP,4.339,0.809,4.5,metadata:LTE_BW
1304,OnlyLTE_frame_25,0,7680000.0,10.0,,0,0.1488375966666666,dogru,12.372,0.939,4.5,metadata:LTE_BW
1305,OnlyLTE_frame_25,1,7680000.0,10.0,,0,0.1868571999999999,dogru,12.444,0.938,4.5,metadata:LTE_BW
1306,OnlyLTE_frame_25,2,7680000.0,10.0,,0,0.1866747899999999,dogru,12.358,0.936,4.5,metadata:LTE_BW
1307,OnlyLTE_frame_25,3,7680000.0,10.0,,0,0.1675434366666666,dogru,12.461,0.941,4.5,metadata:LTE_BW
1332,OnlyLTE_frame_31,0,15360000.0,0.0,,0,0.6026169966666667,FP,4.606,0.914,9.0,metadata:LTE_BW
1333,OnlyLTE_frame_31,1,15360000.0,0.0,,0,0.4849691,dogru,4.274,0.824,9.0,metadata:LTE_BW
1334,OnlyLTE_frame_31,2,15360000.0,0.0,,0,0.4522887266666666,dogru,4.287,0.828,9.0,metadata:LTE_BW
1335,OnlyLTE_frame_31,3,15360000.0,0.0,,0,0.4394841833333333,dogru,4.276,0.822,9.0,metadata:LTE_BW
1368,OnlyLTE_frame_4,0,7680000.0,0.0,,0,0.4549082866666666,dogru,4.286,0.807,4.5,metadata:LTE_BW
1369,OnlyLTE_frame_4,1,7680000.0,0.0,,0,0.5140224266666666,FP,4.286,0.791,4.5,metadata:LTE_BW
1370,OnlyLTE_frame_4,2,7680000.0,0.0,,0,0.5100606366666667,FP,4.25,0.799,4.5,metadata:LTE_BW
1371,OnlyLTE_frame_4,3,7680000.0,0.0,,0,0.5866514533333334,FP,4.323,0.824,4.5,metadata:LTE_BW
1424,OnlyLTE_frame_52,0,15360000.0,10.0,,0,0.1929509533333333,dogru,12.419,0.932,9.0,metadata:LTE_BW
1425,OnlyLTE_frame_52,1,15360000.0,10.0,,0,0.23439153,dogru,12.404,0.936,9.0,metadata:LTE_BW
1426,OnlyLTE_frame_52,2,15360000.0,10.0,,0,0.1935478833333333,dogru,12.885,0.986,9.0,metadata:LTE_BW
1427,OnlyLTE_frame_52,3,15360000.0,10.0,,0,0.1735838866666667,dogru,12.473,0.932,9.0,metadata:LTE_BW
1428,OnlyLTE_frame_53,0,15360000.0,10.0,,0,0.2318759266666666,dogru,12.387,0.939,9.0,metadata:LTE_BW
1429,OnlyLTE_frame_53,1,15360000.0,10.0,,0,0.2733905299999999,dogru,12.416,0.934,9.0,metadata:LTE_BW
1430,OnlyLTE_frame_53,2,15360000.0,10.0,,0,0.1368469433333333,dogru,12.56,0.938,9.0,metadata:LTE_BW
1431,OnlyLTE_frame_53,3,15360000.0,10.0,,0,0.2038040566666666,dogru,12.464,0.938,9.0,metadata:LTE_BW
1480,OnlyLTE_frame_65,0,30720000.0,0.0,,0,0.6012366866666666,FP,5.431,0.906,13.5,metadata:LTE_BW
1481,OnlyLTE_frame_65,1,30720000.0,0.0,,0,0.3520211099999999,dogru,4.64,0.73,13.5,metadata:LTE_BW
1482,OnlyLTE_frame_65,2,30720000.0,0.0,,0,0.5951509899999999,FP,5.444,0.928,13.5,metadata:LTE_BW
1483,OnlyLTE_frame_65,3,30720000.0,0.0,,0,0.36762887,dogru,4.747,0.752,13.5,metadata:LTE_BW
1500,OnlyLTE_frame_7,0,7680000.0,0.0,,0,0.5430657833333333,FP,4.254,0.812,4.5,metadata:LTE_BW
1501,OnlyLTE_frame_7,1,7680000.0,0.0,,0,0.58123778,FP,4.437,0.85,4.5,metadata:LTE_BW
1502,OnlyLTE_frame_7,2,7680000.0,0.0,,0,0.5909506466666666,FP,4.459,0.85,4.5,metadata:LTE_BW
1503,OnlyLTE_frame_7,3,7680000.0,0.0,,0,0.62444463,FP,4.394,0.805,4.5,metadata:LTE_BW
1596,OnlyLTE_frame_91,0,30720000.0,0.0,,0,0.5288998733333333,FP,4.655,0.9,18.0,metadata:LTE_BW
1597,OnlyLTE_frame_91,1,30720000.0,0.0,,0,0.2395554146666666,dogru,3.921,0.713,18.0,metadata:LTE_BW
1598,OnlyLTE_frame_91,2,30720000.0,0.0,,0,0.46326732,dogru,4.553,0.904,18.0,metadata:LTE_BW
1599,OnlyLTE_frame_91,3,30720000.0,0.0,,0,0.3081963,dogru,3.867,0.682,18.0,metadata:LTE_BW
1600,OnlyLTE_frame_92,0,30720000.0,0.0,,0,0.2775974166666666,dogru,3.931,0.703,18.0,metadata:LTE_BW
1601,OnlyLTE_frame_92,1,30720000.0,0.0,,0,0.4652951333333333,dogru,4.579,0.893,18.0,metadata:LTE_BW
1602,OnlyLTE_frame_92,2,30720000.0,0.0,,0,0.2876036166666667,dogru,3.986,0.721,18.0,metadata:LTE_BW
1603,OnlyLTE_frame_92,3,30720000.0,0.0,,0,0.5271448799999999,FP,4.681,0.902,18.0,metadata:LTE_BW
