idx,y_true,y_pred,energy,sir_db
20,1,1,2.0807827,0.0
21,1,1,2.0915155,0.0
22,1,1,2.085573,0.0
23,1,1,2.181096,0.0
36,1,0,1.1929402,10.0
37,1,0,1.1794248,10.0
38,1,1,1.2604542,10.0
39,1,0,1.1807334,10.0
76,1,1,2.3522878,0.0
77,1,1,2.2943742,0.0
78,1,1,2.2923179,0.0
79,1,1,2.2890759,0.0
88,1,1,1.3931534,10.0
89,1,1,1.391447,10.0
90,1,1,1.4002419,10.0
91,1,1,1.4127192,10.0
120,1,0,1.1796789,10.0
121,1,0,1.1766975,10.0
122,1,1,1.2785408,10.0
123,1,0,1.1872002,10.0
132,1,1,2.297996,5.0
133,1,1,2.2961273,5.0
134,1,1,2.2989492,5.0
135,1,1,2.3475285,5.0
180,1,1,2.092618,0.0
181,1,1,2.0730739,0.0
182,1,1,2.0840425,0.0
183,1,1,2.0816002,0.0
268,1,1,1.401603,5.0
269,1,1,1.4044933,5.0
270,1,1,1.4073284,5.0
271,1,1,1.3885567,5.0
272,1,1,1.4868042,5.0
273,1,1,1.2879114,5.0
274,1,1,1.5256591,5.0
275,1,1,1.281083,5.0
292,1,1,2.425713,5.0
293,1,1,2.1802015,5.0
294,1,1,2.3750834,5.0
295,1,1,2.1847448,5.0
300,1,1,2.2033541,10.0
301,1,1,1.9434035,10.0
302,1,1,2.212584,10.0
303,1,1,2.0507815,10.0
316,1,1,2.1487374,0.0
317,1,1,2.427041,0.0
318,1,1,2.2006898,0.0
319,1,1,2.4263124,0.0
328,1,1,1.2852912,10.0
329,1,1,1.4961975,10.0
330,1,1,1.3095491,10.0
331,1,1,1.5291958,10.0
368,1,1,3.1228561,0.0
369,1,1,2.8833692,0.0
370,1,1,3.0736036,0.0
371,1,1,2.858826,0.0
404,1,1,1.7099351,5.0
405,1,1,1.5345895,5.0
406,1,1,1.7442949,5.0
407,1,1,1.6777952,5.0
432,1,0,1.0478249,10.0
433,1,1,1.3125458,10.0
434,1,0,1.0716752,10.0
435,1,1,1.3019172,10.0
436,1,1,1.3034,10.0
437,1,1,1.2738862,10.0
438,1,0,1.2125386,10.0
439,1,1,1.3148112,10.0
444,1,1,2.9825292,0.0
445,1,1,3.0434055,0.0
446,1,1,3.047586,0.0
447,1,1,3.0147214,0.0
452,1,1,3.095271,0.0
453,1,1,2.8792472,0.0
454,1,1,3.1138854,0.0
455,1,1,2.8555532,0.0
464,1,1,2.1856983,10.0
465,1,1,1.977066,10.0
466,1,1,2.2123318,10.0
467,1,1,1.9704908,10.0
468,1,1,2.2165596,10.0
469,1,1,2.0349221,10.0
470,1,1,2.200798,10.0
471,1,1,2.1284528,10.0
560,1,1,1.7018454,5.0
561,1,1,1.4986258,5.0
562,1,1,1.7327299,5.0
563,1,1,1.5010003,5.0
584,1,1,1.941422,0.0
585,1,1,2.2115173,0.0
586,1,1,1.9724966,0.0
587,1,1,2.2007217,0.0
620,1,1,2.1956866,10.0
621,1,1,1.9652684,10.0
622,1,1,2.2109914,10.0
623,1,1,1.9451389,10.0
632,1,1,2.1947484,0.0
633,1,1,2.4325666,0.0
634,1,1,2.1714432,0.0
635,1,1,2.3891838,0.0
660,1,1,2.2025068,0.0
661,1,1,1.9487665,0.0
662,1,1,2.1919773,0.0
663,1,1,1.9696822,0.0
668,1,1,2.3555374,0.0
669,1,1,2.356413,0.0
670,1,1,2.3134968,0.0
671,1,1,2.300826,0.0
672,1,1,1.5265623,5.0
673,1,1,1.265862,5.0
674,1,1,1.5130038,5.0
675,1,1,1.2938113,5.0
688,1,1,2.9242375,0.0
689,1,1,3.1017442,0.0
690,1,1,3.0276074,0.0
691,1,1,3.0498989,0.0
716,1,1,2.2579641,0.0
717,1,1,2.4257681,0.0
718,1,1,2.3518233,0.0
719,1,1,2.341982,0.0
724,1,1,1.6518621,5.0
725,1,1,1.7021589,5.0
726,1,1,1.7434208,5.0
727,1,1,1.6162963,5.0
732,1,1,1.4903941,10.0
733,1,1,1.288209,10.0
734,1,1,1.5254204,10.0
735,1,1,1.2831523,10.0
740,1,1,1.9223733,0.0
741,1,1,2.2234118,0.0
742,1,1,2.0574758,0.0
743,1,1,2.2159586,0.0
780,1,1,2.203915,10.0
781,1,1,1.9825175,10.0
782,1,1,2.2111294,10.0
783,1,1,1.9375103,10.0
816,1,1,1.970904,0.0
817,1,1,2.2140234,0.0
818,1,1,1.9314585,0.0
819,1,1,2.2080932,0.0
828,1,1,1.5153425,5.0
829,1,1,1.3420392,5.0
830,1,1,1.5330534,5.0
831,1,1,1.4574138,5.0
852,1,1,2.0947628,0.0
853,1,1,2.1090817,0.0
854,1,1,2.1426282,0.0
855,1,1,2.1350336,0.0
888,1,1,2.3330088,5.0
889,1,1,2.3604193,5.0
890,1,1,2.3529873,5.0
891,1,1,2.3093777,5.0
944,1,1,1.4601274,5.0
945,1,1,1.434494,5.0
946,1,1,1.3974507,5.0
947,1,1,1.3996471,5.0
948,1,0,1.222298,10.0
949,1,0,1.2402806,10.0
950,1,0,1.2422518,10.0
951,1,0,1.2019227,10.0
1000,1,1,1.3935411,10.0
1001,1,1,1.4023253,10.0
1002,1,1,1.4295464,10.0
1003,1,1,1.4630164,10.0
1020,1,1,2.3536043,0.0
1021,1,1,2.3242366,0.0
1022,1,1,2.3001847,0.0
1023,1,1,2.29052,0.0
1116,1,1,2.9718637,0.0
1117,1,1,3.1303024,0.0
1118,1,1,2.982038,0.0
1119,1,1,2.9805942,0.0
1120,1,1,2.9990802,0.0
1121,1,1,2.9968581,0.0
1122,1,1,3.0943499,0.0
1123,1,1,2.9625542,0.0
1172,0,1,1.4212116,
1173,0,1,1.2951603,
1174,0,1,1.4274335,
1175,0,0,1.1651692,
1188,0,0,1.1776788,
1189,0,1,1.4007428,
1190,0,0,1.1881636,
1191,0,1,1.4283931,
1228,0,0,1.2101372,
1229,0,0,0.9382128,
1230,0,0,1.2090077,
1231,0,0,1.0374001,
1240,0,0,0.9353072,
1241,0,0,1.2147739,
1242,0,0,0.96849996,
1243,0,0,1.2128212,
1256,0,1,1.2989762,
1257,0,1,1.2954345,
1258,0,1,1.308795,
1259,0,1,1.3590888,
1264,0,1,1.36124,
1265,0,1,1.3056825,
1266,0,1,1.2941134,
1267,0,1,1.3014619,
1280,0,1,2.0243464,
1281,0,1,2.0422227,
1282,0,1,2.0326269,
1283,0,1,2.0199685,
1304,0,0,1.08345,
1305,0,0,1.0831368,
1306,0,0,1.0802436,
1307,0,0,1.079222,
1332,0,1,2.1075592,
1333,0,1,1.9912883,
1334,0,1,1.9839159,
1335,0,1,1.9714788,
1368,0,1,1.9908776,
1369,0,1,1.9832845,
1370,0,1,1.9881594,
1371,0,1,2.0053172,
1424,0,0,1.0763314,
1425,0,0,1.0728058,
1426,0,0,1.1865394,
1427,0,0,1.0858741,
1428,0,0,1.0765767,
1429,0,0,1.0746614,
1430,0,0,1.102112,
1431,0,0,1.0929577,
1480,0,1,2.081128,
1481,0,1,1.8510795,
1482,0,1,2.1082425,
1483,0,1,1.8700086,
1500,0,1,1.9993145,
1501,0,1,2.0450752,
1502,0,1,2.0442376,
1503,0,1,2.0342677,
1596,0,1,2.1091642,
1597,0,1,1.8643947,
1598,0,1,2.1093621,
1599,0,1,1.8460346,
1600,0,1,1.8570089,
1601,0,1,2.0741234,
1602,0,1,1.8666217,
1603,0,1,2.1209977,
