model,seed,threshold,accuracy,precision,recall,f1
CNN1D,1,0.1,0.8875,0.8669950738916257,1.0,0.9287598944591029
CNN1D,1,0.15,0.9375,0.9214659685863874,1.0,0.9591280653950953
CNN1D,1,0.2,0.9625,0.9513513513513514,1.0,0.9750692520775623
CNN1D,1,0.25,0.9708333333333333,0.9617486338797814,1.0,0.9805013927576601
CNN1D,1,0.3,0.9916666666666667,0.9887640449438202,1.0,0.9943502824858758
CNN1D,1,0.35,0.9958333333333333,0.9943502824858758,1.0,0.9971671388101983
CNN1D,1,0.4,0.9958333333333333,1.0,0.9943181818181818,0.9971509971509972
CNN1D,1,0.45,0.9958333333333333,1.0,0.9943181818181818,0.9971509971509972
CNN1D,1,0.5,0.9958333333333333,1.0,0.9943181818181818,0.9971509971509972
CNN1D,1,0.55,0.9916666666666667,1.0,0.9886363636363636,0.9942857142857143
CNN1D,1,0.6,0.9916666666666667,1.0,0.9886363636363636,0.9942857142857143
CNN1D,1,0.65,0.9833333333333333,1.0,0.9772727272727273,0.9885057471264368
CNN1D,1,0.7,0.9708333333333333,1.0,0.9602272727272727,0.9797101449275363
CNN1D,1,0.75,0.9416666666666667,1.0,0.9204545454545454,0.9585798816568047
CNN1D,1,0.8,0.9208333333333333,1.0,0.8920454545454546,0.9429429429429429
CNN1D,1,0.85,0.875,1.0,0.8295454545454546,0.906832298136646
CNN1D,1,0.9,0.8291666666666667,1.0,0.7670454545454546,0.8681672025723473
CNN1D,2,0.1,0.8583333333333333,0.8380952380952381,1.0,0.9119170984455959
CNN1D,2,0.15,0.9041666666666667,0.8844221105527639,1.0,0.9386666666666666
CNN1D,2,0.2,0.9625,0.9513513513513514,1.0,0.9750692520775623
CNN1D,2,0.25,0.9708333333333333,0.9617486338797814,1.0,0.9805013927576601
CNN1D,2,0.3,0.9833333333333333,0.9831460674157303,0.9943181818181818,0.9887005649717514
CNN1D,2,0.35,0.9875,0.9887005649717514,0.9943181818181818,0.9915014164305949
CNN1D,2,0.4,0.9958333333333333,1.0,0.9943181818181818,0.9971509971509972
CNN1D,2,0.45,0.9916666666666667,1.0,0.9886363636363636,0.9942857142857143
CNN1D,2,0.5,0.9875,1.0,0.9829545454545454,0.9914040114613181
CNN1D,2,0.55,0.9791666666666666,1.0,0.9715909090909091,0.9855907780979827
CNN1D,2,0.6,0.975,1.0,0.9659090909090909,0.9826589595375722
CNN1D,2,0.65,0.9625,1.0,0.9488636363636364,0.9737609329446064
CNN1D,2,0.7,0.9375,1.0,0.9147727272727273,0.9554896142433235
CNN1D,2,0.75,0.9083333333333333,1.0,0.875,0.9333333333333333
CNN1D,2,0.8,0.8708333333333333,1.0,0.8238636363636364,0.9034267912772586
CNN1D,2,0.85,0.8166666666666667,1.0,0.75,0.8571428571428571
CNN1D,2,0.9,0.7833333333333333,1.0,0.7045454545454546,0.8266666666666667
CNN1D,3,0.1,0.7583333333333333,0.7521367521367521,1.0,0.8585365853658536
CNN1D,3,0.15,0.7666666666666667,0.7586206896551724,1.0,0.8627450980392157
CNN1D,3,0.2,0.8583333333333333,0.8380952380952381,1.0,0.9119170984455959
CNN1D,3,0.25,0.9,0.88,1.0,0.9361702127659575
CNN1D,3,0.3,0.95,0.9361702127659575,1.0,0.967032967032967
CNN1D,3,0.35,0.9833333333333333,0.9831460674157303,0.9943181818181818,0.9887005649717514
CNN1D,3,0.4,0.9958333333333333,1.0,0.9943181818181818,0.9971509971509972
CNN1D,3,0.45,0.9875,1.0,0.9829545454545454,0.9914040114613181
CNN1D,3,0.5,0.9416666666666667,1.0,0.9204545454545454,0.9585798816568047
CNN1D,3,0.55,0.9166666666666666,1.0,0.8863636363636364,0.9397590361445783
CNN1D,3,0.6,0.8833333333333333,1.0,0.8409090909090909,0.9135802469135802
CNN1D,3,0.65,0.85,1.0,0.7954545454545454,0.8860759493670886
CNN1D,3,0.7,0.8,1.0,0.7272727272727273,0.8421052631578947
CNN1D,3,0.75,0.7708333333333334,1.0,0.6875,0.8148148148148148
CNN1D,3,0.8,0.7541666666666667,1.0,0.6647727272727273,0.7986348122866894
CNN1D,3,0.85,0.7333333333333333,1.0,0.6363636363636364,0.7777777777777778
CNN1D,3,0.9,0.7333333333333333,1.0,0.6363636363636364,0.7777777777777778
CNN2D,1,0.1,0.7416666666666667,0.7394957983193278,1.0,0.8502415458937198
CNN2D,1,0.15,0.775,0.7652173913043478,1.0,0.8669950738916257
CNN2D,1,0.2,0.8208333333333333,0.8036529680365296,1.0,0.8911392405063291
CNN2D,1,0.25,0.85,0.8301886792452831,1.0,0.9072164948453608
CNN2D,1,0.3,0.875,0.8543689320388349,1.0,0.9214659685863874
CNN2D,1,0.35,0.8958333333333334,0.8756218905472637,1.0,0.9336870026525199
CNN2D,1,0.4,0.8958333333333334,0.883248730964467,0.9886363636363636,0.9329758713136729
CNN2D,1,0.45,0.8833333333333333,0.8854166666666666,0.9659090909090909,0.9239130434782609
CNN2D,1,0.5,0.8666666666666667,0.8956043956043956,0.9261363636363636,0.9106145251396648
CNN2D,1,0.55,0.825,0.8988095238095238,0.8579545454545454,0.877906976744186
CNN2D,1,0.6,0.8083333333333333,0.9113924050632911,0.8181818181818182,0.8622754491017964
CNN2D,1,0.65,0.825,0.958904109589041,0.7954545454545454,0.8695652173913043
CNN2D,1,0.7,0.8208333333333333,0.9784172661870504,0.7727272727272727,0.8634920634920635
CNN2D,1,0.75,0.7875,1.0,0.7102272727272727,0.8305647840531561
CNN2D,1,0.8,0.725,1.0,0.625,0.7692307692307693
CNN2D,1,0.85,0.6916666666666667,1.0,0.5795454545454546,0.7338129496402878
CNN2D,1,0.9,0.65,1.0,0.5227272727272727,0.6865671641791045
CNN2D,2,0.1,0.7375,0.7364016736401674,1.0,0.8481927710843373
CNN2D,2,0.15,0.7791666666666667,0.7685589519650655,1.0,0.8691358024691358
CNN2D,2,0.2,0.8416666666666667,0.822429906542056,1.0,0.9025641025641026
CNN2D,2,0.25,0.8791666666666667,0.8585365853658536,1.0,0.9238845144356955
CNN2D,2,0.3,0.8916666666666667,0.8826530612244898,0.9829545454545454,0.9301075268817204
CNN2D,2,0.35,0.9,0.9042553191489362,0.9659090909090909,0.9340659340659341
CNN2D,2,0.4,0.9125,0.9378531073446328,0.9431818181818182,0.9405099150141643
CNN2D,2,0.45,0.925,0.9759036144578314,0.9204545454545454,0.9473684210526315
CNN2D,2,0.5,0.9125,0.9874213836477987,0.8920454545454546,0.9373134328358209
CNN2D,2,0.55,0.8916666666666667,1.0,0.8522727272727273,0.9202453987730062
CNN2D,2,0.6,0.8625,1.0,0.8125,0.896551724137931
CNN2D,2,0.65,0.8333333333333334,1.0,0.7727272727272727,0.8717948717948718
CNN2D,2,0.7,0.8083333333333333,1.0,0.7386363636363636,0.8496732026143791
CNN2D,2,0.75,0.7791666666666667,1.0,0.6988636363636364,0.822742474916388
CNN2D,2,0.8,0.7458333333333333,1.0,0.6534090909090909,0.7903780068728522
CNN2D,2,0.85,0.6916666666666667,1.0,0.5795454545454546,0.7338129496402878
CNN2D,2,0.9,0.6291666666666667,1.0,0.4943181818181818,0.6615969581749049
CNN2D,3,0.1,0.7333333333333333,0.7333333333333333,1.0,0.8461538461538461
CNN2D,3,0.15,0.7416666666666667,0.7394957983193278,1.0,0.8502415458937198
CNN2D,3,0.2,0.75,0.7457627118644068,1.0,0.8543689320388349
CNN2D,3,0.25,0.7708333333333334,0.7619047619047619,1.0,0.8648648648648649
CNN2D,3,0.3,0.8166666666666667,0.8,1.0,0.8888888888888888
CNN2D,3,0.35,0.8375,0.8186046511627907,1.0,0.9002557544757033
CNN2D,3,0.4,0.8458333333333333,0.8262910798122066,1.0,0.9048843187660668
CNN2D,3,0.45,0.8625,0.8557213930348259,0.9772727272727273,0.9124668435013262
CNN2D,3,0.5,0.8791666666666667,0.8769230769230769,0.9715909090909091,0.921832884097035
CNN2D,3,0.55,0.8875,0.8983957219251337,0.9545454545454546,0.9256198347107438
CNN2D,3,0.6,0.8958333333333334,0.9265536723163842,0.9318181818181818,0.9291784702549575
CNN2D,3,0.65,0.8875,0.9570552147239264,0.8863636363636364,0.9203539823008849
CNN2D,3,0.7,0.8583333333333333,1.0,0.8068181818181818,0.8930817610062893
CNN2D,3,0.75,0.7875,1.0,0.7102272727272727,0.8305647840531561
CNN2D,3,0.8,0.7291666666666666,1.0,0.6306818181818182,0.7735191637630662
CNN2D,3,0.85,0.6875,1.0,0.5738636363636364,0.7292418772563177
CNN2D,3,0.9,0.6125,1.0,0.4715909090909091,0.640926640926641
