file,label,snr_db,sir_db,target_1p2mhz_comb_score,target_energy_ratio,best_spacing_mhz,best_spacing_score,max_to_median
Combined_LTE_DSSS_frame_145,1,0.0,0.0,15.104992276669853,1.4795495130824179,0.15,24.95662025212668,7.0691533757539275
Combined_LTE_DSSS_frame_146,1,0.0,0.0,17.817300226197446,1.5480399953192436,0.15,27.992051500776437,7.028685887465897
Combined_LTE_DSSS_frame_147,1,0.0,5.0,5.1103179893010555,1.1664523331070416,0.15,9.77154911835383,3.4360921384733505
Combined_LTE_DSSS_frame_148,1,0.0,5.0,0.5583504448821529,1.016900013566473,0.75,17.79181005794242,5.508954201547106
Combined_LTE_DSSS_frame_149,1,0.0,10.0,-0.32127516690202057,0.9901646396474933,1.71,1.3304547942684357,2.408074155197044
Combined_LTE_DSSS_frame_150,1,0.0,10.0,-0.4402557610469288,0.9879930870464528,1.92,0.9301665009187836,2.3897815772302136
Combined_LTE_DSSS_frame_151,1,5.0,0.0,0.2338798540823033,1.0083344808639272,0.885,7.961236821556797,3.1215688655485336
Combined_LTE_DSSS_frame_152,1,5.0,0.0,0.5331866473654406,1.0159302689768364,0.885,9.918217372583438,3.0842674479969663
Combined_LTE_DSSS_frame_153,1,5.0,5.0,0.010193108734896797,1.000341531351522,0.75,18.864587422588798,6.373594629608436
Combined_LTE_DSSS_frame_154,1,5.0,5.0,0.43495398523696177,1.012824871914873,0.195,1.7023346506950532,2.8666870765263894
Combined_LTE_DSSS_frame_155,1,5.0,10.0,-0.32532345932489465,0.9912061053466011,0.75,2.451507459082785,2.390679705044325
Combined_LTE_DSSS_frame_156,1,5.0,10.0,0.9642240416204704,1.0323516615661734,0.15,2.3824759618307754,2.275673819222527
Combined_LTE_DSSS_frame_157,1,10.0,0.0,0.022824955165068977,1.0006709545374202,0.75,55.36991232551611,13.428186762008876
Combined_LTE_DSSS_frame_158,1,10.0,0.0,0.11775948462790402,1.0049299270646777,0.885,8.240675542223665,3.3084665586534854
Combined_LTE_DSSS_frame_159,1,10.0,5.0,0.01990911421929978,1.0005991090772,0.885,3.734875919315141,2.1637662511116855
Combined_LTE_DSSS_frame_160,1,10.0,5.0,0.2309630589346928,1.006976115102231,0.885,3.507643491979601,2.296752150663279
Combined_LTE_DSSS_frame_161,1,10.0,10.0,-0.19775460011119564,0.9934729507402519,0.75,0.8889844788045556,2.2653049942253163
Combined_LTE_DSSS_frame_162,1,10.0,10.0,-0.4070290071478433,0.9871466932367424,1.845,0.9513922480560945,2.2323894874006784
Combined_LTE_DSSS_frame_163,1,0.0,0.0,0.29407926837582365,1.009629066355158,1.5,116.6623094978107,10.640963486717085
Combined_LTE_DSSS_frame_164,1,0.0,0.0,0.006248806313763473,1.0002003857124484,1.5,17.057504322096086,4.386328406350773
Combined_LTE_DSSS_frame_165,1,0.0,5.0,0.562373866086671,1.0162159060086036,1.5,32.046664956005685,3.5096840211231957
Combined_LTE_DSSS_frame_166,1,0.0,5.0,-0.8916681490013155,0.9747978091765114,1.5,2.3044881305779583,2.4270465291875998
Combined_LTE_DSSS_frame_167,1,0.0,10.0,0.3094930833584477,1.0093362788352207,1.575,1.0128532526818297,2.4368733234512643
Combined_LTE_DSSS_frame_168,1,0.0,10.0,0.2448922634481365,1.0073021100182311,1.5,1.0556611346613491,2.313847495371024
Combined_LTE_DSSS_frame_169,1,5.0,0.0,0.09022244383616622,1.002596430244266,1.5,21.971727779758282,4.753340882262961
Combined_LTE_DSSS_frame_170,1,5.0,0.0,0.0017451094433179049,1.0000679076660015,1.5,135.6610728035269,13.736862335807505
Combined_LTE_DSSS_frame_171,1,5.0,5.0,-0.39997449310864397,0.9864576986236157,1.5,45.55877534094073,5.342769352426759
Combined_LTE_DSSS_frame_172,1,5.0,5.0,31.158644145317997,1.9682197464290614,0.3,37.40428822778555,4.160001950427382
Combined_LTE_DSSS_frame_173,1,5.0,10.0,-0.5306495082305204,0.983312359509721,1.41,1.2441004089995178,2.264281578285457
Combined_LTE_DSSS_frame_174,1,5.0,10.0,4.977281881973337,1.160921242183214,0.6,5.548495306516599,2.2594188147452727
Combined_LTE_DSSS_frame_175,1,10.0,0.0,0.5726930912141074,1.020590201535088,1.5,56.88957387104275,5.287007782998284
Combined_LTE_DSSS_frame_176,1,10.0,0.0,123.33866691833471,4.766638852696852,0.3,143.03376450463372,10.87123273347144
Combined_LTE_DSSS_frame_177,1,10.0,5.0,0.5307495341716278,1.0150963017712058,1.365,20.038426661435928,2.8349428671264754
Combined_LTE_DSSS_frame_178,1,10.0,5.0,-0.4702751747062323,0.9866857452843427,1.125,3.3769450091217443,2.321948303385422
Combined_LTE_DSSS_frame_179,1,10.0,10.0,0.07764874717271336,1.0021339263599938,1.5,7.217254064054802,2.3534496689047737
Combined_LTE_DSSS_frame_180,1,10.0,10.0,-0.3287345409703754,0.9891564890864977,1.5,1.782828366720853,2.239246102286861
Combined_LTE_DSSS_frame_181,1,0.0,0.0,22.05822360504406,1.7811676297408352,0.75,204.20475054029524,11.340890961672526
Combined_LTE_DSSS_frame_182,1,0.0,0.0,21.75859386540348,1.6500427347703612,0.75,204.4862707154425,10.212172191888522
Combined_LTE_DSSS_frame_183,1,0.0,5.0,-0.3092358812986411,0.9914037892738115,1.35,2.8991562663488564,2.304653554971666
Combined_LTE_DSSS_frame_184,1,0.0,5.0,0.004922867186076707,1.0001454422267184,1.905,1.3486162362917795,2.526238503737105
Combined_LTE_DSSS_frame_185,1,0.0,10.0,0.4157128095173159,1.012364794242346,0.885,1.8247005439224373,2.4166832314372106
Combined_LTE_DSSS_frame_186,1,0.0,10.0,-0.05428433047756942,0.9983865467959492,1.695,0.8765667063332638,2.203572490910412
Combined_LTE_DSSS_frame_187,1,5.0,0.0,22.622497395132147,1.9213053634329273,0.75,218.1616347020758,13.439917685906615
Combined_LTE_DSSS_frame_188,1,5.0,0.0,-0.403364870128956,0.9865662076834423,0.885,82.80101895077958,8.50130851409067
Combined_LTE_DSSS_frame_189,1,5.0,5.0,-0.24096378583477096,0.9929384715213138,1.35,1.8203258837836909,2.3942687126721602
Combined_LTE_DSSS_frame_190,1,5.0,5.0,11.297539144696822,1.3280476384554531,1.35,51.68749324285152,3.589889892944311
Combined_LTE_DSSS_frame_191,1,5.0,10.0,0.2810559273326389,1.008169654076149,0.75,5.838778467000162,2.3567861841643136
Combined_LTE_DSSS_frame_192,1,5.0,10.0,0.3299194751752144,1.0087035910627276,1.65,1.056634469339642,2.3994482894116493
Combined_LTE_DSSS_frame_193,1,10.0,0.0,-0.12720742825111175,0.9958356463487525,1.35,26.686154220548627,5.292359675205448
Combined_LTE_DSSS_frame_194,1,10.0,0.0,27.5738304115748,1.8722231518983432,0.75,254.12318717839966,12.613835501079327
Combined_LTE_DSSS_frame_195,1,10.0,5.0,0.558046226530119,1.0168790983386966,0.885,21.081165188302855,2.995715819143652
Combined_LTE_DSSS_frame_196,1,10.0,5.0,-0.1324418559633643,0.99603986094926,1.125,15.985836149141534,2.3933276376396293
Combined_LTE_DSSS_frame_197,1,10.0,10.0,-0.19572078044924354,0.9931379945899108,1.71,1.2189522332768266,2.1432742149193444
Combined_LTE_DSSS_frame_198,1,10.0,10.0,0.3130074459300955,1.0094353550528163,1.35,1.3628457711843451,2.242952436939097
Combined_LTE_DSSS_frame_199,1,0.0,0.0,0.2492550225204615,1.007491044599816,1.125,1.2544044546341402,3.807843475941968
Combined_LTE_DSSS_frame_200,1,0.0,0.0,0.118050527422057,1.0042497225488243,1.365,29.498658576575558,5.733575672478578
Combined_LTE_DSSS_frame_201,1,0.0,5.0,1.0993999996844626,1.0326901026143096,1.5,5.299044360789965,2.3276216249870307
Combined_LTE_DSSS_frame_202,1,0.0,5.0,35.948277744297734,2.0518002037066663,0.6,36.7125786499115,2.4642906257907415
Combined_LTE_DSSS_frame_203,1,0.0,10.0,0.32097888288286086,1.0094475730455792,1.17,1.2021477348064584,2.386921408405238
Combined_LTE_DSSS_frame_204,1,0.0,10.0,0.2193398027549598,1.0059685079721274,1.545,1.0640569261849657,2.3325101133973263
Combined_LTE_DSSS_frame_205,1,5.0,0.0,15.56764491757472,1.5428192349265142,1.5,44.19994160193372,5.365039684219032
Combined_LTE_DSSS_frame_206,1,5.0,0.0,0.4798647548546387,1.0169144564042185,1.275,1.0731739060498362,4.625737658997516
Combined_LTE_DSSS_frame_207,1,5.0,5.0,2.9574512902480357,1.089268713811554,1.5,9.27963174824185,2.401258821416084
Combined_LTE_DSSS_frame_208,1,5.0,5.0,69.24151217863006,3.12258115487818,0.6,72.00312497106665,3.8657990346018294
Combined_LTE_DSSS_frame_209,1,5.0,10.0,0.9001104251210935,1.0260194025198024,1.5,1.67779898579486,2.4308284857948426
Combined_LTE_DSSS_frame_210,1,5.0,10.0,1.042905088939624,1.0311716761911796,1.5,2.5152133903244374,2.388131764812138
Combined_LTE_DSSS_frame_211,1,10.0,0.0,16.96488744219122,1.6267744438077778,1.5,45.999887030168544,5.8334491155366495
Combined_LTE_DSSS_frame_212,1,10.0,0.0,-0.5172722406839982,0.9803798294872861,1.365,45.68112091445889,8.28407971737902
Combined_LTE_DSSS_frame_213,1,10.0,5.0,4.220754048482335,1.1446866226905195,1.5,13.689935857545645,2.423603689455554
Combined_LTE_DSSS_frame_214,1,10.0,5.0,-0.6822357731208352,0.979770260171764,1.89,0.9800567371990437,2.3259632300130013
Combined_LTE_DSSS_frame_215,1,10.0,10.0,-0.5878065853426188,0.9843902736732244,1.59,1.03510740216281,2.4160988290074163
Combined_LTE_DSSS_frame_216,1,10.0,10.0,0.43884925190939716,1.0133784727759632,1.2,0.43884925190939716,2.2997420486937754
Combined_LTE_DSSS_frame_217,1,0.0,0.0,51.55225919789236,2.5929914921907886,0.6,63.501405957746385,8.898880705137186
Combined_LTE_DSSS_frame_218,1,0.0,0.0,-0.6372737148031417,0.9815369378812333,1.305,13.147832883886133,3.086698911100973
Combined_LTE_DSSS_frame_219,1,0.0,5.0,0.3004922294583081,1.0087543997494979,0.945,6.989780433267668,2.59494092404318
Combined_LTE_DSSS_frame_220,1,0.0,5.0,-0.3904948712874221,0.9887663868045042,1.5,1.9608122689071057,2.4207850068888086
Combined_LTE_DSSS_frame_221,1,0.0,10.0,0.39841438254294387,1.0114012880664915,1.59,1.3176516682046575,2.2937600109599043
Combined_LTE_DSSS_frame_222,1,0.0,10.0,0.9035594644457013,1.0264919171866627,1.2,0.9035594644457013,2.3739878248793276
Combined_LTE_DSSS_frame_223,1,5.0,0.0,56.7931580652699,2.87882059785394,0.6,67.71728001202123,9.806214877092907
Combined_LTE_DSSS_frame_224,1,5.0,0.0,-0.23545441171015358,0.9912698788509654,0.27,5.873829540285034,6.351923637006491
Combined_LTE_DSSS_frame_225,1,5.0,5.0,0.9203951533323411,1.027028280322122,0.945,7.409610339942235,2.613762315228814
Combined_LTE_DSSS_frame_226,1,5.0,5.0,-0.14224336089327386,0.9950985752819971,1.5,1.5191004825142076,2.185424144966427
Combined_LTE_DSSS_frame_227,1,5.0,10.0,-0.3288969140683984,0.9907693357356702,1.695,1.034923025700451,2.2708065838026745
Combined_LTE_DSSS_frame_228,1,5.0,10.0,3.5828539769829977,1.095906654705477,0.6,4.865786283382318,2.327840630679216
Combined_LTE_DSSS_frame_229,1,10.0,0.0,1.1666439242275306,1.0358814660616256,0.945,19.88216146610936,5.858135553421156
Combined_LTE_DSSS_frame_230,1,10.0,0.0,39.86998308853634,2.851730182443448,0.6,48.12595901761947,9.53434269743143
Combined_LTE_DSSS_frame_231,1,10.0,5.0,0.17570211714765305,1.0053203713239545,1.5,1.910744462667671,2.329204833003178
Combined_LTE_DSSS_frame_232,1,10.0,5.0,-0.01699358207233727,0.9992823495715337,0.945,6.4697941447769916,3.152516551702078
Combined_LTE_DSSS_frame_233,1,10.0,10.0,0.15585431568223282,1.0046187031773814,1.5,1.6517008558756943,2.368347673119056
Combined_LTE_DSSS_frame_234,1,10.0,10.0,4.686528945156562,1.1547023918313486,0.6,6.791733465379338,2.1890430259433815
Combined_LTE_DSSS_frame_235,1,0.0,0.0,17.985866133141645,1.6159976597377796,1.5,20.974134894114318,4.608326319477564
Combined_LTE_DSSS_frame_236,1,0.0,0.0,20.38667202402859,1.7302608874299328,1.695,60.36003413111094,5.468092163788888
Combined_LTE_DSSS_frame_237,1,0.0,5.0,2.187042442538837,1.0608911760335167,1.5,3.126206335119807,2.428546005278622
Combined_LTE_DSSS_frame_238,1,0.0,5.0,2.5124099897756973,1.0757201047951088,1.695,15.301616146498487,2.360202751004151
Combined_LTE_DSSS_frame_239,1,0.0,10.0,-0.18006720285002706,0.9947724060156995,1.92,1.3128506913033187,2.517882280021314
Combined_LTE_DSSS_frame_240,1,0.0,10.0,0.5425532552489077,1.0156496896467797,0.945,1.2286799106899156,2.3404241032661237
Combined_LTE_DSSS_frame_241,1,5.0,0.0,21.425629817277443,1.901993768131788,1.5,25.64454940122959,6.351827267904631
Combined_LTE_DSSS_frame_242,1,5.0,0.0,25.08272663750193,1.8455866398497622,1.5,30.20020996408487,6.145069526843001
Combined_LTE_DSSS_frame_243,1,5.0,5.0,3.6489439580420604,1.1022644696005068,0.945,7.067202415494675,2.4147068286678857
Combined_LTE_DSSS_frame_244,1,5.0,5.0,3.867459674458237,1.116098858241403,1.5,5.103112028742505,2.3618555849563396
Combined_LTE_DSSS_frame_245,1,5.0,10.0,0.20489908126636636,1.0061328677517611,1.08,1.168725696619307,2.38130742894788
Combined_LTE_DSSS_frame_246,1,5.0,10.0,0.24492347936098402,1.007244420044919,1.695,2.92397594000717,2.208633766664146
Combined_LTE_DSSS_frame_247,1,10.0,0.0,28.35465423157272,1.8152129590421444,1.5,34.78061672471855,5.9278246063748234
Combined_LTE_DSSS_frame_248,1,10.0,0.0,32.42701150084884,1.9395932967864764,1.5,38.99277464150735,8.497156839182566
Combined_LTE_DSSS_frame_249,1,10.0,5.0,5.459434103330531,1.2232739296820394,1.695,22.578350540405637,2.995451318100419
Combined_LTE_DSSS_frame_250,1,10.0,5.0,4.726594123502295,1.1369403895517287,1.5,5.76322626592553,2.390610796622751
Combined_LTE_DSSS_frame_251,1,10.0,10.0,12.304044303590494,1.3749477340477039,1.2,12.304044303590494,2.2541178346607413
Combined_LTE_DSSS_frame_252,1,10.0,10.0,0.5520183944871171,1.017384543236908,0.945,0.7810289062185953,2.3095596686873017
Combined_LTE_DSSS_frame_253,1,0.0,0.0,-0.09548483259976946,0.9969122941809476,1.365,44.75414795187184,6.796247223737618
Combined_LTE_DSSS_frame_254,1,0.0,0.0,-0.31412467604163824,0.9894527507968145,1.365,47.03581314724853,7.40834572966477
Combined_LTE_DSSS_frame_255,1,0.0,5.0,7.985547682004966,1.2323014558843715,1.5,23.42017656504389,2.9771555123430717
Combined_LTE_DSSS_frame_256,1,0.0,5.0,-0.6803247116332782,0.9803904921418076,1.365,9.833092516199818,2.3619120462515673
Combined_LTE_DSSS_frame_257,1,0.0,10.0,0.4876653055401716,1.0134519904446266,1.5,2.434731021436768,2.421003811076543
Combined_LTE_DSSS_frame_258,1,0.0,10.0,-0.20259180662415585,0.9943941815857177,1.365,1.4677165046793417,2.3678410973931032
Combined_LTE_DSSS_frame_259,1,5.0,0.0,21.457965679193382,1.7275973284254225,1.5,58.54116620608808,6.530922621244631
Combined_LTE_DSSS_frame_260,1,5.0,0.0,253.76850269222533,10.207623405786313,0.6,259.2954280666249,11.859393142790365
Combined_LTE_DSSS_frame_261,1,5.0,5.0,-0.28539410869541615,0.9913614884772125,0.63,1.0044928443272856,2.3481841258221663
Combined_LTE_DSSS_frame_262,1,5.0,5.0,0.07182372016636528,1.002270736952398,1.365,14.914731845817125,3.081152759077574
Combined_LTE_DSSS_frame_263,1,5.0,10.0,8.86580824750903,1.2668004602084197,0.6,9.155336363765432,2.307206981027799
Combined_LTE_DSSS_frame_264,1,5.0,10.0,8.093726553688198,1.2461161905766944,0.6,8.681302358738316,2.3425325051339283
Combined_LTE_DSSS_frame_265,1,10.0,0.0,0.3056279487150244,1.0105412291282472,1.365,53.13336437778497,9.0355222099872
Combined_LTE_DSSS_frame_266,1,10.0,0.0,-0.23758526611812658,0.98922828584163,1.365,48.72066614400362,10.351849397329774
Combined_LTE_DSSS_frame_267,1,10.0,5.0,6.585357996625658,1.2443716480447369,1.5,19.592789323652624,3.0587637970135404
Combined_LTE_DSSS_frame_268,1,10.0,5.0,-0.12987440853900165,0.9964731525480908,1.605,0.8951957806262505,2.33198392655469
Combined_LTE_DSSS_frame_269,1,10.0,10.0,-0.07493856096497535,0.9976671964369863,0.915,1.2509184074911706,2.3392750179377915
Combined_LTE_DSSS_frame_270,1,10.0,10.0,0.19645592931059563,1.0058214582484848,1.5,3.1454731642387133,2.319154678586426
Combined_LTE_DSSS_frame_271,1,0.0,0.0,0.34459440489506377,1.0115425859966798,0.945,12.470458518998289,4.087096481746671
Combined_LTE_DSSS_frame_272,1,0.0,0.0,-0.39735669461907724,0.9868723214876054,1.695,2.126943221565265,2.366400851632792
Combined_LTE_DSSS_frame_273,1,0.0,5.0,0.0999831215341561,1.0031782228876032,0.57,2.275183105263155,2.347015180859233
Combined_LTE_DSSS_frame_274,1,0.0,5.0,-0.03488225243285257,0.9988822546618152,1.695,12.384268491988568,2.3152338338094753
Combined_LTE_DSSS_frame_275,1,0.0,10.0,0.39380439660768,1.0113431182639874,1.74,1.238921905562831,2.3803906001275497
Combined_LTE_DSSS_frame_276,1,0.0,10.0,-0.18427263167741267,0.9949083063003759,1.845,1.403860683308813,2.3958109658289275
Combined_LTE_DSSS_frame_277,1,5.0,0.0,0.08288456030170471,1.0031372072454554,1.86,1.2468621956913628,2.3033201735166653
Combined_LTE_DSSS_frame_278,1,5.0,0.0,-0.11656629595338043,0.9957386322286633,0.945,15.650491624394663,4.881228586351441
Combined_LTE_DSSS_frame_279,1,5.0,5.0,0.06730787530506314,1.0020779979315155,0.945,4.57150113351409,2.348655626506869
Combined_LTE_DSSS_frame_280,1,5.0,5.0,0.6018557651519961,1.0185869384755748,1.74,0.8659474171857644,2.2445076809290825
Combined_LTE_DSSS_frame_281,1,5.0,10.0,-0.20722375434783266,0.9941988901200389,1.755,0.9752059034615768,2.2979833117438297
Combined_LTE_DSSS_frame_282,1,5.0,10.0,-0.3761761546359006,0.9884465930221571,0.96,0.918306748752152,2.3418152490405912
Combined_LTE_DSSS_frame_283,1,10.0,0.0,-0.3214598505472502,0.98563077276045,0.57,12.644554584569423,9.793250542952507
Combined_LTE_DSSS_frame_284,1,10.0,0.0,0.6935922984231033,1.0232805624261065,0.9,1.3156701102046702,2.3979480022335813
Combined_LTE_DSSS_frame_285,1,10.0,5.0,-0.18087845847529307,0.9945300623759423,0.945,3.88330310674235,2.2681093820488814
Combined_LTE_DSSS_frame_286,1,10.0,5.0,37.40511237500076,2.1644483898974953,1.2,37.40511237500076,3.8006953483075603
Combined_LTE_DSSS_frame_287,1,10.0,10.0,-0.016512085938095406,0.9994587409138997,1.32,0.9235906235239298,2.136966155916194
Combined_LTE_DSSS_frame_288,1,10.0,10.0,0.2057711260699648,1.0063915989885934,1.695,3.4878833096922603,2.24903710528125
OnlyLTE_frame_100,0,0.0,,-0.4435302274711735,0.9874139423325852,1.59,1.3846680731862722,2.2628342298972024
OnlyLTE_frame_101,0,5.0,,0.042089226646648874,1.0013275426152348,1.245,0.79010038838729,2.34042664210071
OnlyLTE_frame_102,0,5.0,,-0.1905733235264616,0.9943871483844202,1.71,1.246573065718173,2.3573634403052806
OnlyLTE_frame_103,0,5.0,,0.09883393638895115,1.0027999543824844,1.14,1.052933442329513,2.341859852571361
OnlyLTE_frame_104,0,5.0,,-0.047386702993792405,0.9985911864383039,1.455,1.0844678231357416,2.2774265764785566
OnlyLTE_frame_105,0,5.0,,0.025505871780011808,1.0007669560362962,1.41,1.173191611134598,2.302570703823758
OnlyLTE_frame_106,0,5.0,,-0.12295875029372792,0.9961403764083246,1.695,1.306090387243978,2.2979470964957107
OnlyLTE_frame_107,0,5.0,,0.07295912552140396,1.0022595089979518,1.365,0.8432976482146548,2.247491925757556
OnlyLTE_frame_108,0,5.0,,0.02015599846175713,1.0006209400737944,1.695,0.7877720572300384,2.194513880091714
OnlyLTE_frame_109,0,5.0,,0.0802029050784075,1.0023087625194573,1.815,1.1300507162650235,2.1296133724841746
OnlyLTE_frame_110,0,5.0,,-0.5378095634888426,0.9846947618445299,1.56,0.9917305826822679,2.4136346893778966
OnlyLTE_frame_111,0,10.0,,-0.08987420743261143,0.9968591852556744,1.065,0.9527123172958383,2.219906447925055
OnlyLTE_frame_112,0,10.0,,0.8671141876303627,1.0232770963965114,1.8,1.0307083047581655,2.325769936391501
OnlyLTE_frame_113,0,10.0,,-0.24374539652836305,0.9922550538058337,1.59,0.7675348701499776,2.387468242022628
OnlyLTE_frame_114,0,10.0,,-0.4964527351964297,0.9861182787618956,1.785,1.7136898712222048,2.221503113198941
OnlyLTE_frame_115,0,10.0,,0.12926006304048987,1.0036606718918142,1.83,0.8056375928339239,2.3389947742756907
OnlyLTE_frame_116,0,10.0,,0.3507261591274218,1.010372663056995,1.335,1.4423238936563476,2.363692241387896
OnlyLTE_frame_117,0,10.0,,-0.5408578000573049,0.9815486843545516,1.695,1.050621866246308,2.1595708156820415
OnlyLTE_frame_118,0,10.0,,0.06146155682880807,1.0019631767268502,1.59,0.6898321340592319,2.20552962000114
OnlyLTE_frame_119,0,10.0,,-0.5557613876771792,0.9810739450018168,1.455,0.8973234904660444,2.20925231371769
OnlyLTE_frame_120,0,10.0,,0.9871494723488642,1.028997890103977,1.2,0.9871494723488642,2.3409306534934844
OnlyLTE_frame_61,0,0.0,,-0.016077261755073197,0.999513286230962,1.29,1.0201501293432325,2.375112294704643
OnlyLTE_frame_62,0,0.0,,0.6337780799437703,1.0195811032381954,1.44,0.9878903441343727,2.230651098568895
OnlyLTE_frame_63,0,0.0,,-0.2457795979136003,0.9925301051747352,1.755,0.7412240491567421,2.2852217138597606
OnlyLTE_frame_64,0,0.0,,0.35113919113950726,1.0104345950028983,1.56,1.0889130020117088,2.2804555586461897
OnlyLTE_frame_65,0,0.0,,-0.8104779955718487,0.979750649042568,1.725,1.0983686800274768,2.369556383724417
OnlyLTE_frame_66,0,0.0,,0.401317794500401,1.0117220431882672,1.425,1.1095976241990466,2.353669517066272
OnlyLTE_frame_67,0,0.0,,-0.45940909346661646,0.9853022019382043,1.425,0.9891318160036577,2.3802630612875357
OnlyLTE_frame_68,0,0.0,,-0.13055861614879266,0.996410725344307,1.005,0.6489000344617841,2.2815044584796507
OnlyLTE_frame_69,0,0.0,,0.7169432616290575,1.0209070763243169,1.74,0.7975348489720236,2.39705424236846
OnlyLTE_frame_70,0,0.0,,-0.07935813237503078,0.9980260491383688,1.74,1.578784828845414,2.3280548091634774
OnlyLTE_frame_71,0,5.0,,-0.11473917412327173,0.99657529997481,1.095,0.9015908732703376,2.3777116882627443
OnlyLTE_frame_72,0,5.0,,-0.49315115266046944,0.9852643322221605,1.92,0.7515922555196493,2.2327515203051167
OnlyLTE_frame_73,0,5.0,,-0.24810661215237784,0.9928759482512872,1.545,0.9421252353318386,2.3035038633710614
OnlyLTE_frame_74,0,5.0,,-0.0351858187279907,0.9990338644125331,0.915,0.8030649782891924,2.3365633680550273
OnlyLTE_frame_75,0,5.0,,0.1081193163961121,1.003250108691018,1.815,1.0972945037808868,2.2756045980844375
OnlyLTE_frame_76,0,5.0,,0.6701353763351204,1.0188524277736584,1.68,1.0384394917069932,2.4030843767261225
OnlyLTE_frame_77,0,5.0,,0.10506957704612059,1.0031995027449019,1.875,1.101366070601294,2.3801259648704627
OnlyLTE_frame_78,0,5.0,,0.06135597793430184,1.0017807512366121,1.59,0.6998877110802604,2.288697078369348
OnlyLTE_frame_79,0,5.0,,0.05006634676280741,1.0016660836274518,1.335,0.9952031078963282,2.3616793556651743
OnlyLTE_frame_80,0,5.0,,-0.12055449250948529,0.9959139306566748,1.005,0.7413401249259154,2.2497559448513957
OnlyLTE_frame_81,0,10.0,,0.3674304564535535,1.0105280402690697,1.65,0.7267400869275602,2.2708670635447774
OnlyLTE_frame_82,0,10.0,,0.5193095236510213,1.015130169398258,1.725,1.292857106739682,2.270374383758699
OnlyLTE_frame_83,0,10.0,,-0.5261023643183399,0.9859654431785436,1.74,1.0523930445062053,2.3139992268953695
OnlyLTE_frame_84,0,10.0,,-0.27128433842534533,0.9923484795218849,1.92,0.901158110324815,2.2808756408610704
OnlyLTE_frame_85,0,10.0,,-0.0697310479168916,0.9980019277965297,1.74,0.890673502517803,2.2541449123648376
OnlyLTE_frame_86,0,10.0,,0.3902540958681278,1.0114467583650169,1.635,1.4299954566690787,2.4146055516100713
OnlyLTE_frame_87,0,10.0,,-0.45962779636821444,0.9863709965684578,1.62,1.0406243605884529,2.3232285246033255
OnlyLTE_frame_88,0,10.0,,-0.019102483656407914,0.9994262106699251,1.905,0.849294800553232,2.237401445605395
OnlyLTE_frame_89,0,10.0,,0.2278725721489908,1.0067496533288474,1.86,0.9951165185612203,2.238923868169863
OnlyLTE_frame_90,0,10.0,,0.09671949853357198,1.0027878894701825,1.485,0.9509543310707425,2.3662613991873482
OnlyLTE_frame_91,0,0.0,,0.434421642649707,1.0131217805194432,1.485,1.0199701414680895,2.3922524141872814
OnlyLTE_frame_92,0,0.0,,0.15688678549158644,1.0048828197091617,1.005,0.7821515073046863,2.2848725554697378
OnlyLTE_frame_93,0,0.0,,-0.08865568502354852,0.9974692717521257,1.26,0.8373491400978709,2.169764003259651
OnlyLTE_frame_94,0,0.0,,-0.2492627968480706,0.9930483521737176,1.095,1.1396888104766372,2.3394143949982573
OnlyLTE_frame_95,0,0.0,,-0.16424567203334337,0.9953257303320814,1.56,1.3661438368103196,2.321037132493889
OnlyLTE_frame_96,0,0.0,,0.03790579555078185,1.001074082330841,1.875,1.1698641343125007,2.395059346190797
OnlyLTE_frame_97,0,0.0,,-0.031166839497726362,0.9990606016884226,1.125,0.8888248752475004,2.2167094294256176
OnlyLTE_frame_98,0,0.0,,0.21207246574676533,1.0061996884461992,1.77,0.8752041756385651,2.3391391761457254
OnlyLTE_frame_99,0,0.0,,-0.07863527585181664,0.9977712185044461,1.575,1.0733744163764851,2.4047605649122237
