file,label,fs_hz,snr_db,sir_db,alpha_step_hz,max_alpha_hz,alpha_profile_mean,alpha_profile_median,alpha_profile_max,max_to_median,target_1p2mhz_comb_score,target_1p2mhz_count,target_energy_ratio,best_spacing_hz,best_spacing_mhz,best_spacing_score,best_spacing_bin
Combined_LTE_DSSS_frame_145,1,30720000.0,0.0,0.0,15000.0,150000.0,0.035822822813290536,0.033163405688951424,0.23443720128461712,7.0691533757539275,15.104992276669853,6,1.4795495130824179,150000.0,0.15,24.95662025212668,10
Combined_LTE_DSSS_frame_146,1,30720000.0,0.0,0.0,15000.0,150000.0,0.03598267633801321,0.033058673666833904,0.2323590330674446,7.028685887465897,17.817300226197446,6,1.5480399953192436,150000.0,0.15,27.992051500776437,10
Combined_LTE_DSSS_frame_147,1,30720000.0,0.0,5.0,15000.0,300000.0,0.0354368675425579,0.03424567004368784,0.11767127761730418,3.4360921384733505,5.1103179893010555,6,1.1664523331070416,150000.0,0.15,9.77154911835383,10
Combined_LTE_DSSS_frame_148,1,30720000.0,0.0,5.0,15000.0,750000.0,0.034503169829826805,0.03407754795308181,0.18773165098006195,5.508954201547106,0.5583504448821529,6,1.016900013566473,750000.0,0.75,17.79181005794242,50
Combined_LTE_DSSS_frame_149,1,30720000.0,0.0,10.0,15000.0,15000.0,0.03342577581283987,0.033326787769588126,0.08025337630609018,2.408074155197044,-0.32127516690202057,6,0.9901646396474933,1710000.0,1.71,1.3304547942684357,114
Combined_LTE_DSSS_frame_150,1,30720000.0,0.0,10.0,15000.0,15000.0,0.033316402298860855,0.03323071590455233,0.07941415266925998,2.3897815772302136,-0.4402557610469288,6,0.9879930870464528,1920000.0,1.92,0.9301665009187836,128
Combined_LTE_DSSS_frame_151,1,30720000.0,5.0,0.0,15000.0,885000.0,0.03593172138285349,0.035166860282246984,0.10977577615927907,3.1215688655485336,0.2338798540823033,6,1.0083344808639272,885000.0,0.885,7.961236821556797,59
Combined_LTE_DSSS_frame_152,1,30720000.0,5.0,0.0,15000.0,885000.0,0.03431641211113817,0.03364683170379433,0.10377582775532943,3.0842674479969663,0.5331866473654406,6,1.0159302689768364,885000.0,0.885,9.918217372583438,59
Combined_LTE_DSSS_frame_153,1,30720000.0,5.0,5.0,15000.0,750000.0,0.03625015333525153,0.03565503442059333,0.2272507359079712,6.373594629608436,0.010193108734896797,6,1.000341531351522,750000.0,0.75,18.864587422588798,50
Combined_LTE_DSSS_frame_154,1,30720000.0,5.0,5.0,15000.0,195000.0,0.03554747064957134,0.03527465506272183,0.10112139780009753,2.8666870765263894,0.43495398523696177,6,1.012824871914873,195000.0,0.195,1.7023346506950532,13
Combined_LTE_DSSS_frame_155,1,30720000.0,5.0,10.0,15000.0,15000.0,0.03366839469098558,0.033514322534721835,0.08012201071445986,2.390679705044325,-0.32532345932489465,6,0.9912061053466011,750000.0,0.75,2.451507459082785,50
Combined_LTE_DSSS_frame_156,1,30720000.0,5.0,10.0,15000.0,15000.0,0.03615454565028716,0.03582280972617797,0.08152103022712898,2.275673819222527,0.9642240416204704,6,1.0323516615661734,150000.0,0.15,2.3824759618307754,10
Combined_LTE_DSSS_frame_157,1,30720000.0,10.0,0.0,15000.0,750000.0,0.03449005165971337,0.033315563029914494,0.44736760246059826,13.428186762008876,0.022824955165068977,6,1.0006709545374202,750000.0,0.75,55.36991232551611,50
Combined_LTE_DSSS_frame_158,1,30720000.0,10.0,0.0,15000.0,885000.0,0.036363573597193194,0.03560490647811654,0.11779764241014187,3.3084665586534854,0.11775948462790402,6,1.0049299270646777,885000.0,0.885,8.240675542223665,59
Combined_LTE_DSSS_frame_159,1,30720000.0,10.0,5.0,15000.0,15000.0,0.0339423489499568,0.033641943897780816,0.07279330282997461,2.1637662511116855,0.01990911421929978,6,1.0005991090772,885000.0,0.885,3.734875919315141,59
Combined_LTE_DSSS_frame_160,1,30720000.0,10.0,5.0,15000.0,15000.0,0.03398164495638157,0.033740230169954345,0.07749294620901344,2.296752150663279,0.2309630589346928,6,1.006976115102231,885000.0,0.885,3.507643491979601,59
Combined_LTE_DSSS_frame_161,1,30720000.0,10.0,10.0,15000.0,15000.0,0.033903259055988295,0.03379557982191864,0.07655729575559793,2.2653049942253163,-0.19775460011119564,6,0.9934729507402519,750000.0,0.75,0.8889844788045556,50
Combined_LTE_DSSS_frame_162,1,30720000.0,10.0,10.0,15000.0,15000.0,0.0337534690250598,0.0336631616779672,0.07514928824479575,2.2323894874006784,-0.4070290071478433,6,0.9871466932367424,1845000.0,1.845,0.9513922480560945,123
Combined_LTE_DSSS_frame_163,1,30720000.0,0.0,0.0,15000.0,1500000.0,0.0342607979705605,0.03295405539754139,0.35066290023513097,10.640963486717085,0.29407926837582365,6,1.009629066355158,1500000.0,1.5,116.6623094978107,100
Combined_LTE_DSSS_frame_164,1,30720000.0,0.0,0.0,15000.0,2055000.0,0.03431385162969084,0.03360500588183678,0.1474025918994718,4.386328406350773,0.006248806313763473,6,1.0002003857124484,1500000.0,1.5,17.057504322096086,100
Combined_LTE_DSSS_frame_165,1,30720000.0,0.0,5.0,15000.0,1500000.0,0.03346859847003933,0.033081792339350616,0.11610663796704428,3.5096840211231957,0.562373866086671,6,1.0162159060086036,1500000.0,1.5,32.046664956005685,100
Combined_LTE_DSSS_frame_166,1,30720000.0,0.0,5.0,15000.0,15000.0,0.03327491058414993,0.03306321229726192,0.08024595465228936,2.4270465291875998,-0.8916681490013155,6,0.9747978091765114,1500000.0,1.5,2.3044881305779583,100
Combined_LTE_DSSS_frame_167,1,30720000.0,0.0,10.0,15000.0,15000.0,0.03335606407567572,0.0333028094319585,0.08115472790315768,2.4368733234512643,0.3094930833584477,6,1.0093362788352207,1575000.0,1.575,1.0128532526818297,105
Combined_LTE_DSSS_frame_168,1,30720000.0,0.0,10.0,15000.0,15000.0,0.03334685188191625,0.03315099523584425,0.07670634729782881,2.313847495371024,0.2448922634481365,6,1.0073021100182311,1500000.0,1.5,1.0556611346613491,100
Combined_LTE_DSSS_frame_169,1,30720000.0,5.0,0.0,15000.0,2055000.0,0.03375180353933742,0.03294125853509089,0.15658103091279454,4.753340882262961,0.09022244383616622,6,1.002596430244266,1500000.0,1.5,21.971727779758282,100
Combined_LTE_DSSS_frame_170,1,30720000.0,5.0,0.0,15000.0,1500000.0,0.03635745747616613,0.034365984002737084,0.4720807912938991,13.736862335807505,0.0017451094433179049,6,1.0000679076660015,1500000.0,1.5,135.6610728035269,100
Combined_LTE_DSSS_frame_171,1,30720000.0,5.0,5.0,15000.0,1500000.0,0.03560668454678883,0.035029883888239105,0.18715659006249458,5.342769352426759,-0.39997449310864397,6,0.9864576986236157,1500000.0,1.5,45.55877534094073,100
Combined_LTE_DSSS_frame_172,1,30720000.0,5.0,5.0,15000.0,600000.0,0.035189351475128014,0.03326460009719567,0.13838080128868088,4.160001950427382,31.158644145317997,6,1.9682197464290614,300000.0,0.3,37.40428822778555,20
Combined_LTE_DSSS_frame_173,1,30720000.0,5.0,10.0,15000.0,15000.0,0.035987104804210975,0.035847247018676864,0.08116826105890257,2.264281578285457,-0.5306495082305204,6,0.983312359509721,1410000.0,1.41,1.2441004089995178,94
Combined_LTE_DSSS_frame_174,1,30720000.0,5.0,10.0,15000.0,15000.0,0.036214473774518474,0.03582147665111768,0.08093571831975319,2.2594188147452727,4.977281881973337,6,1.160921242183214,600000.0,0.6,5.548495306516599,40
Combined_LTE_DSSS_frame_175,1,30720000.0,10.0,0.0,15000.0,4500000.0,0.036334912390698415,0.033866272444150754,0.17905124599865235,5.287007782998284,0.5726930912141074,6,1.020590201535088,1500000.0,1.5,56.88957387104275,100
Combined_LTE_DSSS_frame_176,1,30720000.0,10.0,0.0,15000.0,300000.0,0.040201368880697405,0.0330715355055467,0.35952835934493343,10.87123273347144,123.33866691833471,6,4.766638852696852,300000.0,0.3,143.03376450463372,20
Combined_LTE_DSSS_frame_177,1,30720000.0,10.0,5.0,15000.0,1365000.0,0.0338747611963528,0.03332423016642726,0.09447228861562881,2.8349428671264754,0.5307495341716278,6,1.0150963017712058,1365000.0,1.365,20.038426661435928,91
Combined_LTE_DSSS_frame_178,1,30720000.0,10.0,5.0,15000.0,15000.0,0.03377048671789794,0.03353111661464275,0.07785751933631042,2.321948303385422,-0.4702751747062323,6,0.9866857452843427,1125000.0,1.125,3.3769450091217443,75
Combined_LTE_DSSS_frame_179,1,30720000.0,10.0,10.0,15000.0,15000.0,0.0345695648066716,0.03437411543134651,0.08089775058315037,2.3534496689047737,0.07764874717271336,6,1.0021339263599938,1500000.0,1.5,7.217254064054802,100
Combined_LTE_DSSS_frame_180,1,30720000.0,10.0,10.0,15000.0,15000.0,0.036628974715581006,0.03638179424078028,0.08146779095010905,2.239246102286861,-0.3287345409703754,6,0.9891564890864977,1500000.0,1.5,1.782828366720853,100
Combined_LTE_DSSS_frame_181,1,30720000.0,0.0,0.0,15000.0,1500000.0,0.0382122164928822,0.03335254877182539,0.37824761892647757,11.340890961672526,22.05822360504406,6,1.7811676297408352,750000.0,0.75,204.20475054029524,50
Combined_LTE_DSSS_frame_182,1,30720000.0,0.0,0.0,15000.0,1500000.0,0.03687496158239571,0.03277922034897434,0.33474704252979426,10.212172191888522,21.75859386540348,6,1.6500427347703612,750000.0,0.75,204.4862707154425,50
Combined_LTE_DSSS_frame_183,1,30720000.0,0.0,5.0,15000.0,15000.0,0.034264638986474,0.034135084195088365,0.07866954314177219,2.304653554971666,-0.3092358812986411,6,0.9914037892738115,1350000.0,1.35,2.8991562663488564,90
Combined_LTE_DSSS_frame_184,1,30720000.0,0.0,5.0,15000.0,15000.0,0.03334384900478457,0.033159259554021076,0.08376819824330675,2.526238503737105,0.004922867186076707,6,1.0001454422267184,1905000.0,1.905,1.3486162362917795,127
Combined_LTE_DSSS_frame_185,1,30720000.0,0.0,10.0,15000.0,15000.0,0.03346682869524994,0.033355636352162585,0.08061000704860545,2.4166832314372106,0.4157128095173159,6,1.012364794242346,885000.0,0.885,1.8247005439224373,59
Combined_LTE_DSSS_frame_186,1,30720000.0,0.0,10.0,15000.0,15000.0,0.03455036407925266,0.03445996188012307,0.07593502403906421,2.203572490910412,-0.05428433047756942,6,0.9983865467959492,1695000.0,1.695,0.8765667063332638,113
Combined_LTE_DSSS_frame_187,1,30720000.0,5.0,0.0,15000.0,1500000.0,0.040092646762213476,0.03394716567012883,0.4562471122898062,13.439917685906615,22.622497395132147,6,1.9213053634329273,750000.0,0.75,218.1616347020758,50
Combined_LTE_DSSS_frame_188,1,30720000.0,5.0,0.0,15000.0,885000.0,0.0362507484288761,0.03320470898397959,0.28228347520191,8.50130851409067,-0.403364870128956,6,0.9865662076834423,885000.0,0.885,82.80101895077958,59
Combined_LTE_DSSS_frame_189,1,30720000.0,5.0,5.0,15000.0,15000.0,0.033392337740360184,0.03320670064192411,0.0795057644004237,2.3942687126721602,-0.24096378583477096,6,0.9929384715213138,1350000.0,1.35,1.8203258837836909,90
Combined_LTE_DSSS_frame_190,1,30720000.0,5.0,5.0,15000.0,450000.0,0.03493219173520494,0.03320012944295836,0.11918480913530893,3.589889892944311,11.297539144696822,6,1.3280476384554531,1350000.0,1.35,51.68749324285152,90
Combined_LTE_DSSS_frame_191,1,30720000.0,5.0,10.0,15000.0,15000.0,0.033832366088631924,0.03364035470289291,0.07928312319652178,2.3567861841643136,0.2810559273326389,6,1.008169654076149,750000.0,0.75,5.838778467000162,50
Combined_LTE_DSSS_frame_192,1,30720000.0,5.0,10.0,15000.0,15000.0,0.03359273000970855,0.033484948392011035,0.08034540214264768,2.3994482894116493,0.3299194751752144,6,1.0087035910627276,1650000.0,1.65,1.056634469339642,110
Combined_LTE_DSSS_frame_193,1,30720000.0,10.0,0.0,15000.0,6750000.0,0.03421881256465614,0.03325596157266339,0.17600250999263803,5.292359675205448,-0.12720742825111175,6,0.9958356463487525,1350000.0,1.35,26.686154220548627,90
Combined_LTE_DSSS_frame_194,1,30720000.0,10.0,0.0,15000.0,1500000.0,0.03848191765570291,0.03301606814650644,0.4164592525050711,12.613835501079327,27.5738304115748,6,1.8722231518983432,750000.0,0.75,254.12318717839966,50
Combined_LTE_DSSS_frame_195,1,30720000.0,10.0,5.0,15000.0,885000.0,0.03376026183586105,0.033125223112348876,0.09923375489332216,2.995715819143652,0.558046226530119,6,1.0168790983386966,885000.0,0.885,21.081165188302855,59
Combined_LTE_DSSS_frame_196,1,30720000.0,10.0,5.0,15000.0,2250000.0,0.03517301973201628,0.03431507495812426,0.08212721728734766,2.3933276376396293,-0.1324418559633643,6,0.99603986094926,1125000.0,1.125,15.985836149141534,75
Combined_LTE_DSSS_frame_197,1,30720000.0,10.0,10.0,15000.0,15000.0,0.03667189424317732,0.03655477117464316,0.07834689849303288,2.1432742149193444,-0.19572078044924354,6,0.9931379945899108,1710000.0,1.71,1.2189522332768266,114
Combined_LTE_DSSS_frame_198,1,30720000.0,10.0,10.0,15000.0,15000.0,0.033677908783041444,0.033587605015765035,0.07533540052330098,2.242952436939097,0.3130074459300955,6,1.0094353550528163,1350000.0,1.35,1.3628457711843451,90
Combined_LTE_DSSS_frame_199,1,30720000.0,0.0,0.0,15000.0,2055000.0,0.03318261732544682,0.03275570052376704,0.12472858054314308,3.807843475941968,0.2492550225204615,6,1.007491044599816,1125000.0,1.125,1.2544044546341402,75
Combined_LTE_DSSS_frame_200,1,30720000.0,0.0,0.0,15000.0,3135000.0,0.03378312100114964,0.03212466818639599,0.18418921600570012,5.733575672478578,0.118050527422057,6,1.0042497225488243,1365000.0,1.365,29.498658576575558,91
Combined_LTE_DSSS_frame_201,1,30720000.0,0.0,5.0,15000.0,15000.0,0.033305386708970645,0.032957764184531155,0.07671320462946539,2.3276216249870307,1.0993999996844626,6,1.0326901026143096,1500000.0,1.5,5.299044360789965,100
Combined_LTE_DSSS_frame_202,1,30720000.0,0.0,5.0,15000.0,1800000.0,0.033980050175822514,0.03310018304685945,0.08156847079679766,2.4642906257907415,35.948277744297734,6,2.0518002037066663,600000.0,0.6,36.7125786499115,40
Combined_LTE_DSSS_frame_203,1,30720000.0,0.0,10.0,15000.0,15000.0,0.033442896299830084,0.033356992132049804,0.07962051864238168,2.386921408405238,0.32097888288286086,6,1.0094475730455792,1170000.0,1.17,1.2021477348064584,78
Combined_LTE_DSSS_frame_204,1,30720000.0,0.0,10.0,15000.0,15000.0,0.03333680943003371,0.03324597520105946,0.0775465733885604,2.3325101133973263,0.2193398027549598,6,1.0059685079721274,1545000.0,1.545,1.0640569261849657,103
Combined_LTE_DSSS_frame_205,1,30720000.0,5.0,0.0,15000.0,3000000.0,0.03458565012340512,0.03190741808455498,0.17118456424997053,5.365039684219032,15.56764491757472,6,1.5428192349265142,1500000.0,1.5,44.19994160193372,100
Combined_LTE_DSSS_frame_206,1,30720000.0,5.0,0.0,15000.0,2055000.0,0.03310477955201264,0.032546787046623574,0.15055289852556494,4.625737658997516,0.4798647548546387,6,1.0169144564042185,1275000.0,1.275,1.0731739060498362,85
Combined_LTE_DSSS_frame_207,1,30720000.0,5.0,5.0,15000.0,15000.0,0.03373956945552617,0.033184490810490644,0.0796845512952929,2.401258821416084,2.9574512902480357,6,1.089268713811554,1500000.0,1.5,9.27963174824185,100
Combined_LTE_DSSS_frame_208,1,30720000.0,5.0,5.0,15000.0,1200000.0,0.036495869890728984,0.03464854599176874,0.13394431564920248,3.8657990346018294,69.24151217863006,6,3.12258115487818,600000.0,0.6,72.00312497106665,40
Combined_LTE_DSSS_frame_209,1,30720000.0,5.0,10.0,15000.0,15000.0,0.03365231683978115,0.03349875645017367,0.0814297314202167,2.4308284857948426,0.9001104251210935,6,1.0260194025198024,1500000.0,1.5,1.67779898579486,100
Combined_LTE_DSSS_frame_210,1,30720000.0,5.0,10.0,15000.0,15000.0,0.03377459375932014,0.033635965204913174,0.08032711694835709,2.388131764812138,1.042905088939624,6,1.0311716761911796,1500000.0,1.5,2.5152133903244374,100
Combined_LTE_DSSS_frame_211,1,30720000.0,10.0,0.0,15000.0,3000000.0,0.034837658836966136,0.03178499021333166,0.18541612305313404,5.8334491155366495,16.96488744219122,6,1.6267744438077778,1500000.0,1.5,45.999887030168544,100
Combined_LTE_DSSS_frame_212,1,30720000.0,10.0,0.0,15000.0,3135000.0,0.03539265878071275,0.032774966951406644,0.27151043896819954,8.28407971737902,-0.5172722406839982,6,0.9803798294872861,1365000.0,1.365,45.68112091445889,91
Combined_LTE_DSSS_frame_213,1,30720000.0,10.0,5.0,15000.0,3000000.0,0.035706958887483854,0.03475585694974953,0.08423442313602601,2.423603689455554,4.220754048482335,6,1.1446866226905195,1500000.0,1.5,13.689935857545645,100
Combined_LTE_DSSS_frame_214,1,30720000.0,10.0,5.0,15000.0,15000.0,0.034047368399047886,0.03386052766492308,0.07875834229977505,2.3259632300130013,-0.6822357731208352,6,0.979770260171764,1890000.0,1.89,0.9800567371990437,126
Combined_LTE_DSSS_frame_215,1,30720000.0,10.0,10.0,15000.0,15000.0,0.03386869501105012,0.03376506483950363,0.0815797336225003,2.4160988290074163,-0.5878065853426188,6,0.9843902736732244,1590000.0,1.59,1.03510740216281,106
Combined_LTE_DSSS_frame_216,1,30720000.0,10.0,10.0,15000.0,15000.0,0.03533627032030882,0.035314310909863714,0.08121380572235866,2.2997420486937754,0.43884925190939716,6,1.0133784727759632,1200000.0,1.2,0.43884925190939716,80
Combined_LTE_DSSS_frame_217,1,30720000.0,0.0,0.0,15000.0,600000.0,0.034685254987197,0.03308556972123093,0.2944245380196319,8.898880705137186,51.55225919789236,6,2.5929914921907886,600000.0,0.6,63.501405957746385,40
Combined_LTE_DSSS_frame_218,1,30720000.0,0.0,0.0,15000.0,390000.0,0.035275613946759286,0.034253324736537735,0.10572970016894574,3.086698911100973,-0.6372737148031417,6,0.9815369378812333,1305000.0,1.305,13.147832883886133,87
Combined_LTE_DSSS_frame_219,1,30720000.0,0.0,5.0,15000.0,945000.0,0.0343315347000941,0.03403515918809999,0.08831922743611985,2.59494092404318,0.3004922294583081,6,1.0087543997494979,945000.0,0.945,6.989780433267668,63
Combined_LTE_DSSS_frame_220,1,30720000.0,0.0,5.0,15000.0,15000.0,0.033302538482495654,0.033101063087257174,0.08013055723613352,2.4207850068888086,-0.3904948712874221,6,0.9887663868045042,1500000.0,1.5,1.9608122689071057,100
Combined_LTE_DSSS_frame_221,1,30720000.0,0.0,10.0,15000.0,15000.0,0.03361545340406219,0.033466622122310455,0.07676439952835556,2.2937600109599043,0.39841438254294387,6,1.0114012880664915,1590000.0,1.59,1.3176516682046575,106
Combined_LTE_DSSS_frame_222,1,30720000.0,0.0,10.0,15000.0,15000.0,0.035115281151137,0.03498308336376113,0.08304941398468146,2.3739878248793276,0.9035594644457013,6,1.0264919171866627,1200000.0,1.2,0.9035594644457013,80
Combined_LTE_DSSS_frame_223,1,30720000.0,5.0,0.0,15000.0,600000.0,0.03718363325549045,0.035193183477815575,0.3451119194022216,9.806214877092907,56.7931580652699,6,2.87882059785394,600000.0,0.6,67.71728001202123,40
Combined_LTE_DSSS_frame_224,1,30720000.0,5.0,0.0,15000.0,135000.0,0.03701553499723491,0.035603117113640025,0.2261482811515923,6.351923637006491,-0.23545441171015358,6,0.9912698788509654,270000.0,0.27,5.873829540285034,18
Combined_LTE_DSSS_frame_225,1,30720000.0,5.0,5.0,15000.0,945000.0,0.0340541333425837,0.03380246368971041,0.08835160575666917,2.613762315228814,0.9203951533323411,6,1.027028280322122,945000.0,0.945,7.409610339942235,63
Combined_LTE_DSSS_frame_226,1,30720000.0,5.0,5.0,15000.0,15000.0,0.036988287650808895,0.03691085730224296,0.08066587876191754,2.185424144966427,-0.14224336089327386,6,0.9950985752819971,1500000.0,1.5,1.5191004825142076,100
Combined_LTE_DSSS_frame_227,1,30720000.0,5.0,10.0,15000.0,15000.0,0.0339597672760724,0.03382127327259064,0.07680157002225907,2.2708065838026745,-0.3288969140683984,6,0.9907693357356702,1695000.0,1.695,1.034923025700451,113
Combined_LTE_DSSS_frame_228,1,30720000.0,5.0,10.0,15000.0,15000.0,0.034074735917408366,0.03389550488290832,0.0789033334661476,2.327840630679216,3.5828539769829977,6,1.095906654705477,600000.0,0.6,4.865786283382318,40
Combined_LTE_DSSS_frame_229,1,30720000.0,10.0,0.0,15000.0,945000.0,0.03421067865200067,0.03353404953012723,0.19644700780848245,5.858135553421156,1.1666439242275306,6,1.0358814660616256,945000.0,0.945,19.88216146610936,63
Combined_LTE_DSSS_frame_230,1,30720000.0,10.0,0.0,15000.0,600000.0,0.03950879076294635,0.03736228069020017,0.35622478806752766,9.53434269743143,39.86998308853634,6,2.851730182443448,600000.0,0.6,48.12595901761947,40
Combined_LTE_DSSS_frame_231,1,30720000.0,10.0,5.0,15000.0,15000.0,0.03407948806223761,0.033989709459053496,0.07916899554673043,2.329204833003178,0.17570211714765305,6,1.0053203713239545,1500000.0,1.5,1.910744462667671,100
Combined_LTE_DSSS_frame_232,1,30720000.0,10.0,5.0,15000.0,945000.0,0.038608211797809946,0.038184805555523435,0.1203782315404656,3.152516551702078,-0.01699358207233727,6,0.9992823495715337,945000.0,0.945,6.4697941447769916,63
Combined_LTE_DSSS_frame_233,1,30720000.0,10.0,10.0,15000.0,15000.0,0.034620969438139505,0.03443932006867331,0.08156428355081319,2.368347673119056,0.15585431568223282,6,1.0046187031773814,1500000.0,1.5,1.6517008558756943,100
Combined_LTE_DSSS_frame_234,1,30720000.0,10.0,10.0,15000.0,15000.0,0.03917308084773584,0.0389096343586349,0.08517486373696574,2.1890430259433815,4.686528945156562,6,1.1547023918313486,600000.0,0.6,6.791733465379338,40
Combined_LTE_DSSS_frame_235,1,30720000.0,0.0,0.0,15000.0,6000000.0,0.03405687854723437,0.033640778443811664,0.1550276847149391,4.608326319477564,17.985866133141645,6,1.6159976597377796,1500000.0,1.5,20.974134894114318,100
Combined_LTE_DSSS_frame_236,1,30720000.0,0.0,0.0,15000.0,6000000.0,0.03600084859880647,0.03303667826824727,0.18064760156168563,5.468092163788888,20.38667202402859,6,1.7302608874299328,1695000.0,1.695,60.36003413111094,113
Combined_LTE_DSSS_frame_237,1,30720000.0,0.0,5.0,15000.0,15000.0,0.0334064183139741,0.03329110738527547,0.08084898585424091,2.428546005278622,2.187042442538837,6,1.0608911760335167,1500000.0,1.5,3.126206335119807,100
Combined_LTE_DSSS_frame_238,1,30720000.0,0.0,5.0,15000.0,15000.0,0.03427164435091786,0.03366594545976992,0.07945845709166487,2.360202751004151,2.5124099897756973,6,1.0757201047951088,1695000.0,1.695,15.301616146498487,113
Combined_LTE_DSSS_frame_239,1,30720000.0,0.0,10.0,15000.0,15000.0,0.0334813635084302,0.033367706695009186,0.08401595741483008,2.517882280021314,-0.18006720285002706,6,0.9947724060156995,1920000.0,1.92,1.3128506913033187,128
Combined_LTE_DSSS_frame_240,1,30720000.0,0.0,10.0,15000.0,15000.0,0.03498669154456778,0.034879029414978974,0.08163172114368533,2.3404241032661237,0.5425532552489077,6,1.0156496896467797,945000.0,0.945,1.2286799106899156,63
Combined_LTE_DSSS_frame_241,1,30720000.0,5.0,0.0,15000.0,6000000.0,0.03567964643037913,0.034536581526142376,0.21937040028431432,6.351827267904631,21.425629817277443,6,1.901993768131788,1500000.0,1.5,25.64454940122959,100
Combined_LTE_DSSS_frame_242,1,30720000.0,5.0,0.0,15000.0,6000000.0,0.0350631946393645,0.03447129700928101,0.21182851680863207,6.145069526843001,25.08272663750193,6,1.8455866398497622,1500000.0,1.5,30.20020996408487,100
Combined_LTE_DSSS_frame_243,1,30720000.0,5.0,5.0,15000.0,945000.0,0.033858551800479635,0.0335775714015486,0.08107999095581761,2.4147068286678857,3.6489439580420604,6,1.1022644696005068,945000.0,0.945,7.067202415494675,63
Combined_LTE_DSSS_frame_244,1,30720000.0,5.0,5.0,15000.0,15000.0,0.03491789647646042,0.0347991741782829,0.08219062388720776,2.3618555849563396,3.867459674458237,6,1.116098858241403,1500000.0,1.5,5.103112028742505,100
Combined_LTE_DSSS_frame_245,1,30720000.0,5.0,10.0,15000.0,15000.0,0.03399876319453894,0.033834572332003265,0.08057051845185507,2.38130742894788,0.20489908126636636,6,1.0061328677517611,1080000.0,1.08,1.168725696619307,72
Combined_LTE_DSSS_frame_246,1,30720000.0,5.0,10.0,15000.0,15000.0,0.03408855643596431,0.03394357834046492,0.0749689332863692,2.208633766664146,0.24492347936098402,6,1.007244420044919,1695000.0,1.695,2.92397594000717,113
Combined_LTE_DSSS_frame_247,1,30720000.0,10.0,0.0,15000.0,6000000.0,0.03379223692885014,0.033286877440529376,0.19731877116728086,5.9278246063748234,28.35465423157272,6,1.8152129590421444,1500000.0,1.5,34.78061672471855,100
Combined_LTE_DSSS_frame_248,1,30720000.0,10.0,0.0,15000.0,2865000.0,0.035790979207066156,0.03269097967553619,0.27778038153805773,8.497156839182566,32.42701150084884,6,1.9395932967864764,1500000.0,1.5,38.99277464150735,100
Combined_LTE_DSSS_frame_249,1,30720000.0,10.0,5.0,15000.0,1695000.0,0.03755613917351592,0.0362365740535873,0.10854489351525698,2.995451318100419,5.459434103330531,6,1.2232739296820394,1695000.0,1.695,22.578350540405637,113
Combined_LTE_DSSS_frame_250,1,30720000.0,10.0,5.0,15000.0,15000.0,0.03397102852098735,0.03377840737369189,0.08075102536265999,2.390610796622751,4.726594123502295,6,1.1369403895517287,1500000.0,1.5,5.76322626592553,100
Combined_LTE_DSSS_frame_251,1,30720000.0,10.0,10.0,15000.0,15000.0,0.03663698832560336,0.03638282250610726,0.0820111690885667,2.2541178346607413,12.304044303590494,6,1.3749477340477039,1200000.0,1.2,12.304044303590494,80
Combined_LTE_DSSS_frame_252,1,30720000.0,10.0,10.0,15000.0,15000.0,0.034154664360728185,0.03406640845735309,0.07867840303244025,2.3095596686873017,0.5520183944871171,6,1.017384543236908,945000.0,0.945,0.7810289062185953,63
Combined_LTE_DSSS_frame_253,1,30720000.0,0.0,0.0,15000.0,3135000.0,0.034161386928848,0.032051903465034184,0.21783265994654094,6.796247223737618,-0.09548483259976946,6,0.9969122941809476,1365000.0,1.365,44.75414795187184,91
Combined_LTE_DSSS_frame_254,1,30720000.0,0.0,0.0,15000.0,3135000.0,0.0347356197139574,0.032400444991492694,0.24003369829937152,7.40834572966477,-0.31412467604163824,6,0.9894527507968145,1365000.0,1.365,47.03581314724853,91
Combined_LTE_DSSS_frame_255,1,30720000.0,0.0,5.0,15000.0,3000000.0,0.03352731257771351,0.0331869944437649,0.09880284344933071,2.9771555123430717,7.985547682004966,6,1.2323014558843715,1500000.0,1.5,23.42017656504389,100
Combined_LTE_DSSS_frame_256,1,30720000.0,0.0,5.0,15000.0,15000.0,0.033380864211066244,0.032885636333860005,0.07767298060795408,2.3619120462515673,-0.6803247116332782,6,0.9803904921418076,1365000.0,1.365,9.833092516199818,91
Combined_LTE_DSSS_frame_257,1,30720000.0,0.0,10.0,15000.0,15000.0,0.03352043137756629,0.03337425055793193,0.08079918779499765,2.421003811076543,0.4876653055401716,6,1.0134519904446266,1500000.0,1.5,2.434731021436768,100
Combined_LTE_DSSS_frame_258,1,30720000.0,0.0,10.0,15000.0,15000.0,0.03341463185544599,0.0332484451434612,0.07872703483747541,2.3678410973931032,-0.20259180662415585,6,0.9943941815857177,1365000.0,1.365,1.4677165046793417,91
Combined_LTE_DSSS_frame_259,1,30720000.0,5.0,0.0,15000.0,3000000.0,0.03554003086736772,0.03197877989570107,0.20885093702716803,6.530922621244631,21.457965679193382,6,1.7275973284254225,1500000.0,1.5,58.54116620608808,100
Combined_LTE_DSSS_frame_260,1,30720000.0,5.0,0.0,15000.0,600000.0,0.04033405633322913,0.032938736034964035,0.39063342027709375,11.859393142790365,253.76850269222533,6,10.207623405786313,600000.0,0.6,259.2954280666249,40
Combined_LTE_DSSS_frame_261,1,30720000.0,5.0,5.0,15000.0,2055000.0,0.03573096493247338,0.03545603502733666,0.08325729861813481,2.3481841258221663,-0.28539410869541615,6,0.9913614884772125,630000.0,0.63,1.0044928443272856,42
Combined_LTE_DSSS_frame_262,1,30720000.0,5.0,5.0,15000.0,3135000.0,0.034687692555326305,0.033931288594570494,0.10454748347529945,3.081152759077574,0.07182372016636528,6,1.002270736952398,1365000.0,1.365,14.914731845817125,91
Combined_LTE_DSSS_frame_263,1,30720000.0,5.0,10.0,15000.0,15000.0,0.034350571668004946,0.034019990645147706,0.0784911599132924,2.307206981027799,8.86580824750903,6,1.2668004602084197,600000.0,0.6,9.155336363765432,40
Combined_LTE_DSSS_frame_264,1,30720000.0,5.0,10.0,15000.0,15000.0,0.034446221828761434,0.03413407086904445,0.07996017054562427,2.3425325051339283,8.093726553688198,6,1.2461161905766944,600000.0,0.6,8.681302358738316,40
Combined_LTE_DSSS_frame_265,1,30720000.0,10.0,0.0,15000.0,3135000.0,0.03467127186357993,0.031886667632119975,0.28811269360153546,9.0355222099872,0.3056279487150244,6,1.0105412291282472,1365000.0,1.365,53.13336437778497,91
Combined_LTE_DSSS_frame_266,1,30720000.0,10.0,0.0,15000.0,3135000.0,0.03693656197935377,0.03359395143775607,0.3477595259552127,10.351849397329774,-0.23758526611812658,6,0.98922828584163,1365000.0,1.365,48.72066614400362,91
Combined_LTE_DSSS_frame_267,1,30720000.0,10.0,5.0,15000.0,3000000.0,0.03762102288567011,0.0362501047547828,0.11088050806493678,3.0587637970135404,6.585357996625658,6,1.2443716480447369,1500000.0,1.5,19.592789323652624,100
Combined_LTE_DSSS_frame_268,1,30720000.0,10.0,5.0,15000.0,15000.0,0.03379671778865534,0.03359300601239992,0.07833835006790367,2.33198392655469,-0.12987440853900165,6,0.9964731525480908,1605000.0,1.605,0.8951957806262505,107
Combined_LTE_DSSS_frame_269,1,30720000.0,10.0,10.0,15000.0,15000.0,0.034138418648131,0.03396334837906079,0.07944961239099416,2.3392750179377915,-0.07493856096497535,6,0.9976671964369863,915000.0,0.915,1.2509184074911706,61
Combined_LTE_DSSS_frame_270,1,30720000.0,10.0,10.0,15000.0,15000.0,0.03418090320027121,0.033967402829879964,0.07877566119466507,2.319154678586426,0.19645592931059563,6,1.0058214582484848,1500000.0,1.5,3.1454731642387133,100
Combined_LTE_DSSS_frame_271,1,30720000.0,0.0,0.0,15000.0,945000.0,0.033004641376543964,0.03272182228556005,0.13373724474373938,4.087096481746671,0.34459440489506377,6,1.0115425859966798,945000.0,0.945,12.470458518998289,63
Combined_LTE_DSSS_frame_272,1,30720000.0,0.0,0.0,15000.0,15000.0,0.033012735448012254,0.03286497140766452,0.07777169633035107,2.366400851632792,-0.39735669461907724,6,0.9868723214876054,1695000.0,1.695,2.126943221565265,113
Combined_LTE_DSSS_frame_273,1,30720000.0,0.0,5.0,15000.0,2865000.0,0.03448328622713426,0.0340574873161511,0.07993343975527444,2.347015180859233,0.0999831215341561,6,1.0031782228876032,570000.0,0.57,2.275183105263155,38
Combined_LTE_DSSS_frame_274,1,30720000.0,0.0,5.0,15000.0,15000.0,0.03462208341307638,0.034010832748135086,0.07874303069683287,2.3152338338094753,-0.03488225243285257,6,0.9988822546618152,1695000.0,1.695,12.384268491988568,113
Combined_LTE_DSSS_frame_275,1,30720000.0,0.0,10.0,15000.0,15000.0,0.033535220654852274,0.03338331124026814,0.07946532027984704,2.3803906001275497,0.39380439660768,6,1.0113431182639874,1740000.0,1.74,1.238921905562831,116
Combined_LTE_DSSS_frame_276,1,30720000.0,0.0,10.0,15000.0,15000.0,0.03492100774341336,0.03479715344584329,0.08336740180757901,2.3958109658289275,-0.18427263167741267,6,0.9949083063003759,1845000.0,1.845,1.403860683308813,123
Combined_LTE_DSSS_frame_277,1,30720000.0,5.0,0.0,15000.0,15000.0,0.033042071951129334,0.032838384568065364,0.07563731364362662,2.3033201735166653,0.08288456030170471,6,1.0031372072454554,1860000.0,1.86,1.2468621956913628,124
Combined_LTE_DSSS_frame_278,1,30720000.0,5.0,0.0,15000.0,945000.0,0.03302933667610816,0.0325769127825172,0.15901535793398186,4.881228586351441,-0.11656629595338043,6,0.9957386322286633,945000.0,0.945,15.650491624394663,63
Combined_LTE_DSSS_frame_279,1,30720000.0,5.0,5.0,15000.0,15000.0,0.03424476863585792,0.03407835206971784,0.08003831333297347,2.348655626506869,0.06730787530506314,6,1.0020779979315155,945000.0,0.945,4.57150113351409,63
Combined_LTE_DSSS_frame_280,1,30720000.0,5.0,5.0,15000.0,15000.0,0.03532340321311504,0.035233249417308016,0.07908129894348247,2.2445076809290825,0.6018557651519961,6,1.0185869384755748,1740000.0,1.74,0.8659474171857644,116
Combined_LTE_DSSS_frame_281,1,30720000.0,5.0,10.0,15000.0,15000.0,0.033823954240165446,0.033753040777750334,0.07756392443017722,2.2979833117438297,-0.20722375434783266,6,0.9941988901200389,1755000.0,1.755,0.9752059034615768,117
Combined_LTE_DSSS_frame_282,1,30720000.0,5.0,10.0,15000.0,15000.0,0.03398228567806221,0.03386698795526738,0.079310228835061,2.3418152490405912,-0.3761761546359006,6,0.9884465930221571,960000.0,0.96,0.918306748752152,64
Combined_LTE_DSSS_frame_283,1,30720000.0,10.0,0.0,15000.0,2865000.0,0.0353659118916587,0.032541617346545974,0.3186882117574073,9.793250542952507,-0.3214598505472502,6,0.98563077276045,570000.0,0.57,12.644554584569423,38
Combined_LTE_DSSS_frame_284,1,30720000.0,10.0,0.0,15000.0,15000.0,0.03313667485757198,0.032950113045619726,0.07901265775351243,2.3979480022335813,0.6935922984231033,6,1.0232805624261065,900000.0,0.9,1.3156701102046702,60
Combined_LTE_DSSS_frame_285,1,30720000.0,10.0,5.0,15000.0,15000.0,0.033826144729347786,0.03367999521602867,0.07638991313910418,2.2681093820488814,-0.18087845847529307,6,0.9945300623759423,945000.0,0.945,3.88330310674235,63
Combined_LTE_DSSS_frame_286,1,30720000.0,10.0,5.0,15000.0,2400000.0,0.0341321746993684,0.033533839870803175,0.12745190921165292,3.8006953483075603,37.40511237500076,6,2.1644483898974953,1200000.0,1.2,37.40511237500076,80
Combined_LTE_DSSS_frame_287,1,30720000.0,10.0,10.0,15000.0,15000.0,0.03847352707815808,0.038368298904805996,0.08199175622178374,2.136966155916194,-0.016512085938095406,6,0.9994587409138997,1320000.0,1.32,0.9235906235239298,88
Combined_LTE_DSSS_frame_288,1,30720000.0,10.0,10.0,15000.0,15000.0,0.03541252569334094,0.0352360544720617,0.07924719395362712,2.24903710528125,0.2057711260699648,6,1.0063915989885934,1695000.0,1.695,3.4878833096922603,113
OnlyLTE_frame_100,0,30720000.0,0.0,,15000.0,15000.0,0.03354488608768548,0.03347881625688749,0.07575701140478677,2.2628342298972024,-0.4435302274711735,6,0.9874139423325852,1590000.0,1.59,1.3846680731862722,106
OnlyLTE_frame_101,0,30720000.0,5.0,,15000.0,15000.0,0.03408297311057798,0.03397176458813321,0.07950842292358083,2.34042664210071,0.042089226646648874,6,1.0013275426152348,1245000.0,1.245,0.79010038838729,83
OnlyLTE_frame_102,0,30720000.0,5.0,,15000.0,15000.0,0.03445690572565967,0.03433765624145631,0.08094633545173689,2.3573634403052806,-0.1905733235264616,6,0.9943871483844202,1710000.0,1.71,1.246573065718173,114
OnlyLTE_frame_103,0,30720000.0,5.0,,15000.0,15000.0,0.034315578032047975,0.03420867356231125,0.08011191922763788,2.341859852571361,0.09883393638895115,6,1.0027999543824844,1140000.0,1.14,1.052933442329513,76
OnlyLTE_frame_104,0,30720000.0,5.0,,15000.0,15000.0,0.03428637391344202,0.03416324743776911,0.07780428765586576,2.2774265764785566,-0.047386702993792405,6,0.9985911864383039,1455000.0,1.455,1.0844678231357416,97
OnlyLTE_frame_105,0,30720000.0,5.0,,15000.0,15000.0,0.033959838663156834,0.03383729170025292,0.07791275656804374,2.302570703823758,0.025505871780011808,6,1.0007669560362962,1410000.0,1.41,1.173191611134598,94
OnlyLTE_frame_106,0,30720000.0,5.0,,15000.0,15000.0,0.03458083159435735,0.03453683484715328,0.0793638193614657,2.2979470964957107,-0.12295875029372792,6,0.9961403764083246,1695000.0,1.695,1.306090387243978,113
OnlyLTE_frame_107,0,30720000.0,5.0,,15000.0,15000.0,0.038037453355116414,0.03789730940955732,0.08517389690816342,2.247491925757556,0.07295912552140396,6,1.0022595089979518,1365000.0,1.365,0.8432976482146548,91
OnlyLTE_frame_108,0,30720000.0,5.0,,15000.0,15000.0,0.03855102534898558,0.03845874730689064,0.08439825477810584,2.194513880091714,0.02015599846175713,6,1.0006209400737944,1695000.0,1.695,0.7877720572300384,113
OnlyLTE_frame_109,0,30720000.0,5.0,,15000.0,15000.0,0.03671828702542399,0.036578090079874684,0.07789718977616146,2.1296133724841746,0.0802029050784075,6,1.0023087625194573,1815000.0,1.815,1.1300507162650235,121
OnlyLTE_frame_110,0,30720000.0,5.0,,15000.0,15000.0,0.034211246942534274,0.03411367673212558,0.08233795354529552,2.4136346893778966,-0.5378095634888426,6,0.9846947618445299,1560000.0,1.56,0.9917305826822679,104
OnlyLTE_frame_111,0,30720000.0,10.0,,15000.0,15000.0,0.03865614765142912,0.03855975339305401,0.08559904518986051,2.219906447925055,-0.08987420743261143,6,0.9968591852556744,1065000.0,1.065,0.9527123172958383,71
OnlyLTE_frame_112,0,30720000.0,10.0,,15000.0,15000.0,0.03460663108097417,0.03453589975091466,0.08032255736923381,2.325769936391501,0.8671141876303627,6,1.0232770963965114,1800000.0,1.8,1.0307083047581655,120
OnlyLTE_frame_113,0,30720000.0,10.0,,15000.0,15000.0,0.03468900889814364,0.03461829683792288,0.0826500842958407,2.387468242022628,-0.24374539652836305,6,0.9922550538058337,1590000.0,1.59,0.7675348701499776,106
OnlyLTE_frame_114,0,30720000.0,10.0,,15000.0,15000.0,0.03436315641555228,0.03425395129868946,0.07609525945162504,2.221503113198941,-0.4964527351964297,6,0.9861182787618956,1785000.0,1.785,1.7136898712222048,119
OnlyLTE_frame_115,0,30720000.0,10.0,,15000.0,15000.0,0.03542603043517451,0.035312300231548056,0.08259528571158416,2.3389947742756907,0.12926006304048987,6,1.0036606718918142,1830000.0,1.83,0.8056375928339239,122
OnlyLTE_frame_116,0,30720000.0,10.0,,15000.0,15000.0,0.03456677590295364,0.034466510765453554,0.08146822408637865,2.363692241387896,0.3507261591274218,6,1.010372663056995,1335000.0,1.335,1.4423238936563476,89
OnlyLTE_frame_117,0,30720000.0,10.0,,15000.0,15000.0,0.039750184773781776,0.03961245924294046,0.08554591092060812,2.1595708156820415,-0.5408578000573049,6,0.9815486843545516,1695000.0,1.695,1.050621866246308,113
OnlyLTE_frame_118,0,30720000.0,10.0,,15000.0,15000.0,0.039733016617487696,0.03963905796245372,0.08742511644733925,2.20552962000114,0.06146155682880807,6,1.0019631767268502,1590000.0,1.59,0.6898321340592319,106
OnlyLTE_frame_119,0,30720000.0,10.0,,15000.0,15000.0,0.04027954753837784,0.040172054360645665,0.08875020404525849,2.20925231371769,-0.5557613876771792,6,0.9810739450018168,1455000.0,1.455,0.8973234904660444,97
OnlyLTE_frame_120,0,30720000.0,10.0,,15000.0,15000.0,0.035031157672680016,0.03491149640121173,0.08172539208726494,2.3409306534934844,0.9871494723488642,6,1.028997890103977,1200000.0,1.2,0.9871494723488642,80
OnlyLTE_frame_61,0,30720000.0,0.0,,15000.0,15000.0,0.03470310918925219,0.0346023554248601,0.08218447979770023,2.375112294704643,-0.016077261755073197,6,0.999513286230962,1290000.0,1.29,1.0201501293432325,86
OnlyLTE_frame_62,0,30720000.0,0.0,,15000.0,15000.0,0.03491010134559762,0.034789381156422716,0.077602971297337,2.230651098568895,0.6337780799437703,6,1.0195811032381954,1440000.0,1.44,0.9878903441343727,96
OnlyLTE_frame_63,0,30720000.0,0.0,,15000.0,15000.0,0.034945335298446435,0.034870167889776864,0.07968606482993869,2.2852217138597606,-0.2457795979136003,6,0.9925301051747352,1755000.0,1.755,0.7412240491567421,117
OnlyLTE_frame_64,0,30720000.0,0.0,,15000.0,15000.0,0.03492243232401336,0.03477904686385622,0.07931207074737769,2.2804555586461897,0.35113919113950726,6,1.0104345950028983,1560000.0,1.56,1.0889130020117088,104
OnlyLTE_frame_65,0,30720000.0,0.0,,15000.0,15000.0,0.03350758072285703,0.033435817321197214,0.07922805438085584,2.369556383724417,-0.8104779955718487,6,0.979750649042568,1725000.0,1.725,1.0983686800274768,115
OnlyLTE_frame_66,0,30720000.0,0.0,,15000.0,15000.0,0.03503210787159374,0.034953415992477435,0.08226878974118454,2.353669517066272,0.401317794500401,6,1.0117220431882672,1425000.0,1.425,1.1095976241990466,95
OnlyLTE_frame_67,0,30720000.0,0.0,,15000.0,15000.0,0.03502776129022028,0.03490781894136004,0.08308979197861292,2.3802630612875357,-0.45940909346661646,6,0.9853022019382043,1425000.0,1.425,0.9891318160036577,95
OnlyLTE_frame_68,0,30720000.0,0.0,,15000.0,15000.0,0.03351288110551586,0.03347280647225768,0.0763683572065639,2.2815044584796507,-0.13055861614879266,6,0.996410725344307,1005000.0,1.005,0.6489000344617841,67
OnlyLTE_frame_69,0,30720000.0,0.0,,15000.0,15000.0,0.033593373056091266,0.033508595721653926,0.08032192153279723,2.39705424236846,0.7169432616290575,6,1.0209070763243169,1740000.0,1.74,0.7975348489720236,116
OnlyLTE_frame_70,0,30720000.0,0.0,,15000.0,15000.0,0.03349613769214413,0.03342720064772765,0.07782035522714292,2.3280548091634774,-0.07935813237503078,6,0.9980260491383688,1740000.0,1.74,1.578784828845414,116
OnlyLTE_frame_71,0,30720000.0,5.0,,15000.0,15000.0,0.033711409240936005,0.03357692140930979,0.07983623849317317,2.3777116882627443,-0.11473917412327173,6,0.99657529997481,1095000.0,1.095,0.9015908732703376,73
OnlyLTE_frame_72,0,30720000.0,5.0,,15000.0,15000.0,0.03374687418615979,0.0336877806101986,0.0752164433753589,2.2327515203051167,-0.49315115266046944,6,0.9852643322221605,1920000.0,1.92,0.7515922555196493,128
OnlyLTE_frame_73,0,30720000.0,5.0,,15000.0,15000.0,0.03377232694324321,0.033704748263219134,0.07763901784057785,2.3035038633710614,-0.24810661215237784,6,0.9928759482512872,1545000.0,1.545,0.9421252353318386,103
OnlyLTE_frame_74,0,30720000.0,5.0,,15000.0,15000.0,0.0346761700008088,0.03463259659751703,0.08092125655272203,2.3365633680550273,-0.0351858187279907,6,0.9990338644125331,915000.0,0.915,0.8030649782891924,61
OnlyLTE_frame_75,0,30720000.0,5.0,,15000.0,15000.0,0.035149903265722024,0.03504755667588744,0.07975438112554997,2.2756045980844375,0.1081193163961121,6,1.003250108691018,1815000.0,1.815,1.0972945037808868,121
OnlyLTE_frame_76,0,30720000.0,5.0,,15000.0,15000.0,0.033734040021038705,0.03370058893090256,0.08098535874872433,2.4030843767261225,0.6701353763351204,6,1.0188524277736584,1680000.0,1.68,1.0384394917069932,112
OnlyLTE_frame_77,0,30720000.0,5.0,,15000.0,15000.0,0.033733327491120395,0.033637780281343635,0.08006215425061376,2.3801259648704627,0.10506957704612059,6,1.0031995027449019,1875000.0,1.875,1.101366070601294,125
OnlyLTE_frame_78,0,30720000.0,5.0,,15000.0,15000.0,0.03390281855420934,0.033767921614173926,0.07728454354325372,2.288697078369348,0.06135597793430184,6,1.0017807512366121,1590000.0,1.59,0.6998877110802604,106
OnlyLTE_frame_79,0,30720000.0,5.0,,15000.0,15000.0,0.033736552361030375,0.03361541285073057,0.07938882656409386,2.3616793556651743,0.05006634676280741,6,1.0016660836274518,1335000.0,1.335,0.9952031078963282,89
OnlyLTE_frame_80,0,30720000.0,5.0,,15000.0,15000.0,0.03653348289835031,0.036451314391754724,0.08200656125274719,2.2497559448513957,-0.12055449250948529,6,0.9959139306566748,1005000.0,1.005,0.7413401249259154,67
OnlyLTE_frame_81,0,30720000.0,10.0,,15000.0,15000.0,0.03375257535878953,0.03368186564961409,0.07648703934471972,2.2708670635447774,0.3674304564535535,6,1.0105280402690697,1650000.0,1.65,0.7267400869275602,110
OnlyLTE_frame_82,0,30720000.0,10.0,,15000.0,15000.0,0.033956011526486,0.033848597550933696,0.07684898880806766,2.270374383758699,0.5193095236510213,6,1.015130169398258,1725000.0,1.725,1.292857106739682,115
OnlyLTE_frame_83,0,30720000.0,10.0,,15000.0,15000.0,0.03404826347428191,0.03391973954706204,0.07849025109070784,2.3139992268953695,-0.5261023643183399,6,0.9859654431785436,1740000.0,1.74,1.0523930445062053,116
OnlyLTE_frame_84,0,30720000.0,10.0,,15000.0,15000.0,0.03410884866062727,0.03397038885292605,0.07748223244749834,2.2808756408610704,-0.27128433842534533,6,0.9923484795218849,1920000.0,1.92,0.901158110324815,128
OnlyLTE_frame_85,0,30720000.0,10.0,,15000.0,15000.0,0.03475092083712538,0.034716431089444354,0.0782558665179896,2.2541449123648376,-0.0697310479168916,6,0.9980019277965297,1740000.0,1.74,0.890673502517803,116
OnlyLTE_frame_86,0,30720000.0,10.0,,15000.0,15000.0,0.034100903711382316,0.03396352188410735,0.08200850849601037,2.4146055516100713,0.3902540958681278,6,1.0114467583650169,1635000.0,1.635,1.4299954566690787,109
OnlyLTE_frame_87,0,30720000.0,10.0,,15000.0,15000.0,0.03460994051593559,0.034509935617067306,0.08017446681011825,2.3232285246033255,-0.45962779636821444,6,0.9863709965684578,1620000.0,1.62,1.0406243605884529,108
OnlyLTE_frame_88,0,30720000.0,10.0,,15000.0,15000.0,0.03497928113142419,0.03486756703139983,0.07801274488303439,2.237401445605395,-0.019102483656407914,6,0.9994262106699251,1905000.0,1.905,0.849294800553232,127
OnlyLTE_frame_89,0,30720000.0,10.0,,15000.0,15000.0,0.035663040453430696,0.035577341417308686,0.07965495886747956,2.238923868169863,0.2278725721489908,6,1.0067496533288474,1860000.0,1.86,0.9951165185612203,124
OnlyLTE_frame_90,0,30720000.0,10.0,,15000.0,15000.0,0.034215957561341534,0.034138667951869636,0.08078101219654958,2.3662613991873482,0.09671949853357198,6,1.0027878894701825,1485000.0,1.485,0.9509543310707425,99
OnlyLTE_frame_91,0,30720000.0,0.0,,15000.0,15000.0,0.033637241829677964,0.03351313307432875,0.08017187350643483,2.3922524141872814,0.434421642649707,6,1.0131217805194432,1485000.0,1.485,1.0199701414680895,99
OnlyLTE_frame_92,0,30720000.0,0.0,,15000.0,15000.0,0.035281847724475957,0.03517638931509515,0.0803735665488647,2.2848725554697378,0.15688678549158644,6,1.0048828197091617,1005000.0,1.005,0.7821515073046863,67
OnlyLTE_frame_93,0,30720000.0,0.0,,15000.0,15000.0,0.03501925986515758,0.034899311416138654,0.07572326965145601,2.169764003259651,-0.08865568502354852,6,0.9974692717521257,1260000.0,1.26,0.8373491400978709,84
OnlyLTE_frame_94,0,30720000.0,0.0,,15000.0,15000.0,0.03488852827199427,0.034786955297551665,0.08138110398359266,2.3394143949982573,-0.2492627968480706,6,0.9930483521737176,1095000.0,1.095,1.1396888104766372,73
OnlyLTE_frame_95,0,30720000.0,0.0,,15000.0,15000.0,0.03527946807485443,0.03515919043357341,0.08160578654706885,2.321037132493889,-0.16424567203334337,6,0.9953257303320814,1560000.0,1.56,1.3661438368103196,104
OnlyLTE_frame_96,0,30720000.0,0.0,,15000.0,15000.0,0.034866659518039994,0.03475670130556996,0.08324436230706227,2.395059346190797,0.03790579555078185,6,1.001074082330841,1875000.0,1.875,1.1698641343125007,125
OnlyLTE_frame_97,0,30720000.0,0.0,,15000.0,15000.0,0.03532020487404137,0.035249490157870676,0.07813787721761413,2.2167094294256176,-0.031166839497726362,6,0.9990606016884226,1125000.0,1.125,0.8888248752475004,75
OnlyLTE_frame_98,0,30720000.0,0.0,,15000.0,15000.0,0.03525128197939455,0.03514492856339082,0.08220887924780951,2.3391391761457254,0.21207246574676533,6,1.0061996884461992,1770000.0,1.77,0.8752041756385651,118
OnlyLTE_frame_99,0,30720000.0,0.0,,15000.0,15000.0,0.03359001939246406,0.033531171194172496,0.08063443818547149,2.4047605649122237,-0.07863527585181664,6,0.9977712185044461,1575000.0,1.575,1.0733744163764851,105
