idx,file,window_in_file,fs_hz,snr_db,sir_db,y_true,cnn2d_prob,cnn2d_error,band_ratio_db,gap_frac,long_gap_frac,max_gap_ms,n_long_gaps,contrast_db,guvenilir
20,Combined_LTE_DSSS_frame_103,0,15360000.0,10.0,0.0,1,0.99675035,dogru,15.823,0.0,0.0,0.0,0,16.88,True
21,Combined_LTE_DSSS_frame_103,1,15360000.0,10.0,0.0,1,0.99622857,dogru,15.842,0.0,0.0,0.0,0,16.88,True
22,Combined_LTE_DSSS_frame_103,2,15360000.0,10.0,0.0,1,0.9968565,dogru,15.846,0.0,0.0,0.0,0,16.88,True
23,Combined_LTE_DSSS_frame_103,3,15360000.0,10.0,0.0,1,0.9967195233333334,dogru,16.079,0.0,0.0,0.0,0,16.88,True
36,Combined_LTE_DSSS_frame_107,0,15360000.0,10.0,10.0,1,0.5670744866666667,dogru,12.989,0.08,0.0,0.217,0,14.38,True
37,Combined_LTE_DSSS_frame_107,1,15360000.0,10.0,10.0,1,0.5560435633333333,dogru,12.931,0.082,0.0,0.217,0,14.38,True
38,Combined_LTE_DSSS_frame_107,2,15360000.0,10.0,10.0,1,0.5602450333333334,dogru,13.218,0.039,0.0,0.233,0,14.38,True
39,Combined_LTE_DSSS_frame_107,3,15360000.0,10.0,10.0,1,0.5474277533333333,dogru,12.941,0.074,0.0,0.233,0,14.38,True
76,Combined_LTE_DSSS_frame_116,0,15360000.0,5.0,0.0,1,0.9954271933333332,dogru,11.261,0.0,0.0,0.0,0,12.15,True
77,Combined_LTE_DSSS_frame_116,1,15360000.0,5.0,0.0,1,0.9925319766666668,dogru,11.125,0.0,0.0,0.0,0,12.15,True
78,Combined_LTE_DSSS_frame_116,2,15360000.0,5.0,0.0,1,0.99300899,dogru,11.106,0.0,0.0,0.0,0,12.15,True
79,Combined_LTE_DSSS_frame_116,3,15360000.0,5.0,0.0,1,0.99373789,dogru,11.145,0.0,0.0,0.0,0,12.15,True
88,Combined_LTE_DSSS_frame_119,0,15360000.0,5.0,10.0,1,0.5537017999999999,dogru,8.441,0.162,0.0,0.467,0,9.82,True
89,Combined_LTE_DSSS_frame_119,1,15360000.0,5.0,10.0,1,0.4967932333333333,FN,8.384,0.176,0.109,0.933,1,9.82,True
90,Combined_LTE_DSSS_frame_119,2,15360000.0,5.0,10.0,1,0.5595951566666667,dogru,8.475,0.158,0.0,0.417,0,9.82,True
91,Combined_LTE_DSSS_frame_119,3,15360000.0,5.0,10.0,1,0.5086946766666668,dogru,8.402,0.17,0.074,0.633,1,9.82,True
120,Combined_LTE_DSSS_frame_126,0,15360000.0,10.0,10.0,1,0.6057096500000001,dogru,12.887,0.068,0.0,0.217,0,14.4,True
121,Combined_LTE_DSSS_frame_126,1,15360000.0,10.0,10.0,1,0.6386067666666667,dogru,12.889,0.086,0.0,0.217,0,14.4,True
122,Combined_LTE_DSSS_frame_126,2,15360000.0,10.0,10.0,1,0.5316202733333334,dogru,13.307,0.023,0.0,0.15,0,14.4,True
123,Combined_LTE_DSSS_frame_126,3,15360000.0,10.0,10.0,1,0.6065032833333334,dogru,13.074,0.074,0.0,0.233,0,14.4,True
132,Combined_LTE_DSSS_frame_129,0,15360000.0,0.0,5.0,1,0.8507555333333333,dogru,5.202,0.133,0.0,0.233,0,6.4,True
133,Combined_LTE_DSSS_frame_129,1,15360000.0,0.0,5.0,1,0.8496518666666667,dogru,5.288,0.16,0.0,0.433,0,6.4,True
134,Combined_LTE_DSSS_frame_129,2,15360000.0,0.0,5.0,1,0.8512146399999999,dogru,5.29,0.146,0.0,0.283,0,6.4,True
135,Combined_LTE_DSSS_frame_129,3,15360000.0,0.0,5.0,1,0.89237267,dogru,5.305,0.117,0.0,0.217,0,6.4,True
180,Combined_LTE_DSSS_frame_14,0,7680000.0,10.0,0.0,1,0.9811609533333332,dogru,15.833,0.0,0.0,0.0,0,16.89,True
181,Combined_LTE_DSSS_frame_14,1,7680000.0,10.0,0.0,1,0.9722374466666668,dogru,15.816,0.0,0.0,0.0,0,16.89,True
182,Combined_LTE_DSSS_frame_14,2,7680000.0,10.0,0.0,1,0.98183258,dogru,15.913,0.0,0.0,0.0,0,16.89,True
183,Combined_LTE_DSSS_frame_14,3,7680000.0,10.0,0.0,1,0.9747201666666668,dogru,15.793,0.0,0.0,0.0,0,16.89,True
268,Combined_LTE_DSSS_frame_16,0,7680000.0,10.0,5.0,1,0.6837425333333332,dogru,13.802,0.0,0.0,0.0,0,15.23,True
269,Combined_LTE_DSSS_frame_16,1,7680000.0,10.0,5.0,1,0.6863300766666667,dogru,13.82,0.0,0.0,0.0,0,15.23,True
270,Combined_LTE_DSSS_frame_16,2,7680000.0,10.0,5.0,1,0.7477049666666667,dogru,13.847,0.0,0.0,0.0,0,15.23,True
271,Combined_LTE_DSSS_frame_16,3,7680000.0,10.0,5.0,1,0.6440861033333333,dogru,13.706,0.004,0.0,0.067,0,15.23,True
272,Combined_LTE_DSSS_frame_160,0,30720000.0,10.0,5.0,1,0.8782961133333332,dogru,15.353,0.0,0.0,0.0,0,16.48,True
273,Combined_LTE_DSSS_frame_160,1,30720000.0,10.0,5.0,1,0.9256025833333332,dogru,14.721,0.0,0.0,0.0,0,16.48,True
274,Combined_LTE_DSSS_frame_160,2,30720000.0,10.0,5.0,1,0.8754103666666667,dogru,15.416,0.0,0.0,0.0,0,16.48,True
275,Combined_LTE_DSSS_frame_160,3,30720000.0,10.0,5.0,1,0.8914966,dogru,14.588,0.0,0.0,0.0,0,16.48,True
292,Combined_LTE_DSSS_frame_165,0,30720000.0,0.0,5.0,1,0.9270988,dogru,6.472,0.059,0.0,0.058,0,7.41,True
293,Combined_LTE_DSSS_frame_165,1,30720000.0,0.0,5.0,1,0.8250005533333334,dogru,5.863,0.225,0.0,0.117,0,7.41,True
294,Combined_LTE_DSSS_frame_165,2,30720000.0,0.0,5.0,1,0.9234041466666666,dogru,6.287,0.084,0.0,0.067,0,7.41,True
295,Combined_LTE_DSSS_frame_165,3,30720000.0,0.0,5.0,1,0.8298202166666666,dogru,5.907,0.248,0.0,0.292,0,7.41,True
300,Combined_LTE_DSSS_frame_167,0,30720000.0,0.0,10.0,1,0.7361867833333333,dogru,5.804,0.119,0.0,0.133,0,6.83,True
301,Combined_LTE_DSSS_frame_167,1,30720000.0,0.0,10.0,1,0.5142192166666666,dogru,4.994,0.336,0.156,0.667,1,6.83,True
302,Combined_LTE_DSSS_frame_167,2,30720000.0,0.0,10.0,1,0.7582790166666666,dogru,5.817,0.105,0.0,0.083,0,6.83,True
303,Combined_LTE_DSSS_frame_167,3,30720000.0,0.0,10.0,1,0.61121586,dogru,5.414,0.238,0.0,0.375,0,6.83,True
316,Combined_LTE_DSSS_frame_170,0,30720000.0,5.0,0.0,1,0.99670389,dogru,11.959,0.0,0.0,0.0,0,13.34,True
317,Combined_LTE_DSSS_frame_170,1,30720000.0,5.0,0.0,1,0.9972492333333332,dogru,12.484,0.0,0.0,0.0,0,13.34,True
318,Combined_LTE_DSSS_frame_170,2,30720000.0,5.0,0.0,1,0.9966057666666668,dogru,12.09,0.0,0.0,0.0,0,13.34,True
319,Combined_LTE_DSSS_frame_170,3,30720000.0,5.0,0.0,1,0.9973885666666668,dogru,12.505,0.0,0.0,0.0,0,13.34,True
328,Combined_LTE_DSSS_frame_173,0,30720000.0,5.0,10.0,1,0.6573715633333334,dogru,9.037,0.252,0.0,0.233,0,10.95,True
329,Combined_LTE_DSSS_frame_173,1,30720000.0,5.0,10.0,1,0.7740290233333332,dogru,9.783,0.086,0.0,0.075,0,10.95,True
330,Combined_LTE_DSSS_frame_173,2,30720000.0,5.0,10.0,1,0.6338096566666667,dogru,9.123,0.236,0.0,0.242,0,10.95,True
331,Combined_LTE_DSSS_frame_173,3,30720000.0,5.0,10.0,1,0.7351969166666666,dogru,9.96,0.07,0.0,0.075,0,10.95,True
368,Combined_LTE_DSSS_frame_182,0,30720000.0,0.0,0.0,1,0.9965128333333334,dogru,8.058,0.0,0.0,0.0,0,8.86,True
369,Combined_LTE_DSSS_frame_182,1,30720000.0,0.0,0.0,1,0.9947255333333334,dogru,7.684,0.0,0.0,0.0,0,8.86,True
370,Combined_LTE_DSSS_frame_182,2,30720000.0,0.0,0.0,1,0.9969341666666668,dogru,7.955,0.0,0.0,0.0,0,8.86,True
371,Combined_LTE_DSSS_frame_182,3,30720000.0,0.0,0.0,1,0.9927373866666668,dogru,7.586,0.0,0.0,0.0,0,8.86,True
404,Combined_LTE_DSSS_frame_190,0,30720000.0,5.0,5.0,1,0.9428631866666668,dogru,10.588,0.008,0.0,0.017,0,11.76,True
405,Combined_LTE_DSSS_frame_190,1,30720000.0,5.0,5.0,1,0.92044959,dogru,10.122,0.055,0.0,0.05,0,11.76,True
406,Combined_LTE_DSSS_frame_190,2,30720000.0,5.0,5.0,1,0.95365192,dogru,10.738,0.004,0.0,0.008,0,11.76,True
407,Combined_LTE_DSSS_frame_190,3,30720000.0,5.0,5.0,1,0.93887962,dogru,10.552,0.029,0.0,0.025,0,11.76,True
432,Combined_LTE_DSSS_frame_197,0,30720000.0,10.0,10.0,1,0.8063564766666667,dogru,13.655,0.158,0.0,0.208,0,15.76,True
433,Combined_LTE_DSSS_frame_197,1,30720000.0,10.0,10.0,1,0.8041312266666667,dogru,14.663,0.012,0.0,0.008,0,15.76,True
434,Combined_LTE_DSSS_frame_197,2,30720000.0,10.0,10.0,1,0.8301586466666665,dogru,13.721,0.162,0.0,0.217,0,15.76,True
435,Combined_LTE_DSSS_frame_197,3,30720000.0,10.0,10.0,1,0.8223634066666667,dogru,14.575,0.023,0.0,0.017,0,15.76,True
436,Combined_LTE_DSSS_frame_198,0,30720000.0,10.0,10.0,1,0.8059746166666666,dogru,14.579,0.014,0.0,0.025,0,15.73,True
437,Combined_LTE_DSSS_frame_198,1,30720000.0,10.0,10.0,1,0.7834669833333333,dogru,14.477,0.035,0.0,0.025,0,15.73,True
438,Combined_LTE_DSSS_frame_198,2,30720000.0,10.0,10.0,1,0.8580619033333333,dogru,14.215,0.072,0.0,0.217,0,15.73,True
439,Combined_LTE_DSSS_frame_198,3,30720000.0,10.0,10.0,1,0.8400137500000001,dogru,14.631,0.014,0.0,0.017,0,15.73,True
444,Combined_LTE_DSSS_frame_2,0,7680000.0,0.0,0.0,1,0.9799754333333331,dogru,6.777,0.0,0.0,0.0,0,7.82,True
445,Combined_LTE_DSSS_frame_2,1,7680000.0,0.0,0.0,1,0.98211828,dogru,6.875,0.0,0.0,0.0,0,7.82,True
446,Combined_LTE_DSSS_frame_2,2,7680000.0,0.0,0.0,1,0.9848324333333331,dogru,6.896,0.0,0.0,0.0,0,7.82,True
447,Combined_LTE_DSSS_frame_2,3,7680000.0,0.0,0.0,1,0.9797095666666666,dogru,6.837,0.006,0.0,0.1,0,7.82,True
452,Combined_LTE_DSSS_frame_200,0,30720000.0,0.0,0.0,1,0.99561865,dogru,8.017,0.0,0.0,0.0,0,8.83,True
453,Combined_LTE_DSSS_frame_200,1,30720000.0,0.0,0.0,1,0.9877080633333332,dogru,7.582,0.0,0.0,0.0,0,8.83,True
454,Combined_LTE_DSSS_frame_200,2,30720000.0,0.0,0.0,1,0.9965092233333334,dogru,7.962,0.0,0.0,0.0,0,8.83,True
455,Combined_LTE_DSSS_frame_200,3,30720000.0,0.0,0.0,1,0.9881803766666668,dogru,7.589,0.0,0.0,0.0,0,8.83,True
464,Combined_LTE_DSSS_frame_203,0,30720000.0,0.0,10.0,1,0.7607476200000001,dogru,5.607,0.139,0.0,0.1,0,6.8,True
465,Combined_LTE_DSSS_frame_203,1,30720000.0,0.0,10.0,1,0.5202703,dogru,5.134,0.328,0.264,1.125,1,6.8,True
466,Combined_LTE_DSSS_frame_203,2,30720000.0,0.0,10.0,1,0.7629324,dogru,5.766,0.117,0.0,0.117,0,6.8,True
467,Combined_LTE_DSSS_frame_203,3,30720000.0,0.0,10.0,1,0.5071169333333333,dogru,5.149,0.318,0.0,0.467,0,6.8,True
468,Combined_LTE_DSSS_frame_204,0,30720000.0,0.0,10.0,1,0.7963603599999999,dogru,5.766,0.115,0.0,0.092,0,6.79,True
469,Combined_LTE_DSSS_frame_204,1,30720000.0,0.0,10.0,1,0.5959997,dogru,5.307,0.26,0.0,0.45,0,6.79,True
470,Combined_LTE_DSSS_frame_204,2,30720000.0,0.0,10.0,1,0.74488355,dogru,5.792,0.111,0.0,0.1,0,6.79,True
471,Combined_LTE_DSSS_frame_204,3,30720000.0,0.0,10.0,1,0.7331872,dogru,5.504,0.18,0.0,0.158,0,6.79,True
560,Combined_LTE_DSSS_frame_225,0,30720000.0,5.0,5.0,1,0.7232893466666667,dogru,9.526,0.02,0.0,0.008,0,10.58,True
561,Combined_LTE_DSSS_frame_225,1,30720000.0,5.0,5.0,1,0.7062407166666667,dogru,8.934,0.137,0.0,0.083,0,10.58,True
562,Combined_LTE_DSSS_frame_225,2,30720000.0,5.0,5.0,1,0.6827459533333333,dogru,9.599,0.02,0.0,0.033,0,10.58,True
563,Combined_LTE_DSSS_frame_225,3,30720000.0,5.0,5.0,1,0.6929450633333333,dogru,8.914,0.137,0.0,0.1,0,10.58,True
584,Combined_LTE_DSSS_frame_230,0,30720000.0,10.0,0.0,1,0.9655983866666666,dogru,15.605,0.0,0.0,0.0,0,16.88,True
585,Combined_LTE_DSSS_frame_230,1,30720000.0,10.0,0.0,1,0.9382820166666668,dogru,16.129,0.0,0.0,0.0,0,16.88,True
586,Combined_LTE_DSSS_frame_230,2,30720000.0,10.0,0.0,1,0.9601565333333334,dogru,15.623,0.0,0.0,0.0,0,16.88,True
587,Combined_LTE_DSSS_frame_230,3,30720000.0,10.0,0.0,1,0.9331291233333332,dogru,16.085,0.004,0.0,0.017,0,16.88,True
620,Combined_LTE_DSSS_frame_239,0,30720000.0,0.0,10.0,1,0.6676641166666667,dogru,4.921,0.129,0.0,0.108,0,5.83,True
621,Combined_LTE_DSSS_frame_239,1,30720000.0,0.0,10.0,1,0.3871456566666666,FN,4.25,0.318,0.158,0.675,1,5.83,True
622,Combined_LTE_DSSS_frame_239,2,30720000.0,0.0,10.0,1,0.6333872433333333,dogru,4.966,0.121,0.0,0.142,0,5.83,True
623,Combined_LTE_DSSS_frame_239,3,30720000.0,0.0,10.0,1,0.43967913,FN,4.215,0.342,0.236,1.008,1,5.83,True
632,Combined_LTE_DSSS_frame_241,0,30720000.0,5.0,0.0,1,0.9942971233333332,dogru,10.986,0.0,0.0,0.0,0,12.16,True
633,Combined_LTE_DSSS_frame_241,1,30720000.0,5.0,0.0,1,0.9947912666666668,dogru,11.349,0.0,0.0,0.0,0,12.16,True
634,Combined_LTE_DSSS_frame_241,2,30720000.0,5.0,0.0,1,0.9944858,dogru,10.932,0.0,0.0,0.0,0,12.16,True
635,Combined_LTE_DSSS_frame_241,3,30720000.0,5.0,0.0,1,0.99448418,dogru,11.321,0.0,0.0,0.0,0,12.16,True
660,Combined_LTE_DSSS_frame_248,0,30720000.0,10.0,0.0,1,0.9827611833333334,dogru,16.09,0.0,0.0,0.0,0,16.94,True
661,Combined_LTE_DSSS_frame_248,1,30720000.0,10.0,0.0,1,0.9866289266666666,dogru,15.62,0.0,0.0,0.0,0,16.94,True
662,Combined_LTE_DSSS_frame_248,2,30720000.0,10.0,0.0,1,0.9904937,dogru,16.095,0.0,0.0,0.0,0,16.94,True
663,Combined_LTE_DSSS_frame_248,3,30720000.0,10.0,0.0,1,0.9859816666666666,dogru,15.747,0.0,0.0,0.0,0,16.94,True
668,Combined_LTE_DSSS_frame_25,0,7680000.0,5.0,0.0,1,0.9973473133333334,dogru,11.167,0.0,0.0,0.0,0,12.19,True
669,Combined_LTE_DSSS_frame_25,1,7680000.0,5.0,0.0,1,0.9973484333333332,dogru,11.173,0.0,0.0,0.0,0,12.19,True
670,Combined_LTE_DSSS_frame_25,2,7680000.0,5.0,0.0,1,0.9971446333333333,dogru,11.121,0.0,0.0,0.0,0,12.19,True
671,Combined_LTE_DSSS_frame_25,3,7680000.0,5.0,0.0,1,0.9969372166666668,dogru,11.123,0.0,0.0,0.0,0,12.19,True
672,Combined_LTE_DSSS_frame_250,0,30720000.0,10.0,5.0,1,0.77732855,dogru,14.2,0.0,0.0,0.0,0,15.22,True
673,Combined_LTE_DSSS_frame_250,1,30720000.0,10.0,5.0,1,0.8708542033333333,dogru,13.453,0.0,0.0,0.0,0,15.22,True
674,Combined_LTE_DSSS_frame_250,2,30720000.0,10.0,5.0,1,0.7824324333333333,dogru,14.192,0.0,0.0,0.0,0,15.22,True
675,Combined_LTE_DSSS_frame_250,3,30720000.0,10.0,5.0,1,0.8862436033333334,dogru,13.597,0.0,0.0,0.0,0,15.22,True
688,Combined_LTE_DSSS_frame_254,0,30720000.0,0.0,0.0,1,0.9890651233333332,dogru,6.728,0.0,0.0,0.0,0,7.78,True
689,Combined_LTE_DSSS_frame_254,1,30720000.0,0.0,0.0,1,0.9943901833333334,dogru,6.93,0.0,0.0,0.0,0,7.78,True
690,Combined_LTE_DSSS_frame_254,2,30720000.0,0.0,0.0,1,0.9945152333333334,dogru,6.858,0.002,0.0,0.008,0,7.78,True
691,Combined_LTE_DSSS_frame_254,3,30720000.0,0.0,0.0,1,0.9959825033333334,dogru,6.919,0.0,0.0,0.0,0,7.78,True
716,Combined_LTE_DSSS_frame_260,0,30720000.0,5.0,0.0,1,0.9960980333333334,dogru,11.012,0.0,0.0,0.0,0,12.13,True
717,Combined_LTE_DSSS_frame_260,1,30720000.0,5.0,0.0,1,0.99696262,dogru,11.393,0.0,0.0,0.0,0,12.13,True
718,Combined_LTE_DSSS_frame_260,2,30720000.0,5.0,0.0,1,0.9973206133333332,dogru,11.228,0.0,0.0,0.0,0,12.13,True
719,Combined_LTE_DSSS_frame_260,3,30720000.0,5.0,0.0,1,0.9969842333333334,dogru,11.224,0.004,0.0,0.017,0,12.13,True
724,Combined_LTE_DSSS_frame_262,0,30720000.0,5.0,5.0,1,0.7812786066666667,dogru,9.338,0.064,0.0,0.05,0,10.59,True
725,Combined_LTE_DSSS_frame_262,1,30720000.0,5.0,5.0,1,0.7696008,dogru,9.51,0.037,0.0,0.033,0,10.59,True
726,Combined_LTE_DSSS_frame_262,2,30720000.0,5.0,5.0,1,0.8002777499999999,dogru,9.638,0.021,0.0,0.025,0,10.59,True
727,Combined_LTE_DSSS_frame_262,3,30720000.0,5.0,5.0,1,0.7453396133333333,dogru,9.244,0.078,0.0,0.058,0,10.59,True
732,Combined_LTE_DSSS_frame_264,0,30720000.0,5.0,10.0,1,0.39564114,FN,8.696,0.113,0.0,0.092,0,9.85,True
733,Combined_LTE_DSSS_frame_264,1,30720000.0,5.0,10.0,1,0.4538743,FN,8.038,0.271,0.0,0.275,0,9.85,True
734,Combined_LTE_DSSS_frame_264,2,30720000.0,5.0,10.0,1,0.38353772,FN,8.88,0.082,0.0,0.075,0,9.85,True
735,Combined_LTE_DSSS_frame_264,3,30720000.0,5.0,10.0,1,0.3804424933333334,FN,7.973,0.277,0.0,0.25,0,9.85,True
740,Combined_LTE_DSSS_frame_266,0,30720000.0,10.0,0.0,1,0.9924924333333336,dogru,15.582,0.0,0.0,0.0,0,16.93,True
741,Combined_LTE_DSSS_frame_266,1,30720000.0,10.0,0.0,1,0.9959762,dogru,16.122,0.0,0.0,0.0,0,16.93,True
742,Combined_LTE_DSSS_frame_266,2,30720000.0,10.0,0.0,1,0.9941707233333332,dogru,15.804,0.0,0.0,0.0,0,16.93,True
743,Combined_LTE_DSSS_frame_266,3,30720000.0,10.0,0.0,1,0.9938922666666666,dogru,16.133,0.0,0.0,0.0,0,16.93,True
780,Combined_LTE_DSSS_frame_275,0,30720000.0,0.0,10.0,1,0.6565636166666667,dogru,4.902,0.113,0.0,0.133,0,5.88,True
781,Combined_LTE_DSSS_frame_275,1,30720000.0,0.0,10.0,1,0.4488507733333333,FN,4.413,0.32,0.234,1.0,1,5.88,True
782,Combined_LTE_DSSS_frame_275,2,30720000.0,0.0,10.0,1,0.6868771833333334,dogru,4.945,0.137,0.0,0.108,0,5.88,True
783,Combined_LTE_DSSS_frame_275,3,30720000.0,0.0,10.0,1,0.39992851,FN,4.193,0.348,0.236,1.008,1,5.88,True
816,Combined_LTE_DSSS_frame_283,0,30720000.0,10.0,0.0,1,0.9974357966666666,dogru,15.604,0.0,0.0,0.0,0,16.88,True
817,Combined_LTE_DSSS_frame_283,1,30720000.0,10.0,0.0,1,0.9983549333333334,dogru,16.069,0.0,0.0,0.0,0,16.88,True
818,Combined_LTE_DSSS_frame_283,2,30720000.0,10.0,0.0,1,0.99719469,dogru,15.589,0.0,0.0,0.0,0,16.88,True
819,Combined_LTE_DSSS_frame_283,3,30720000.0,10.0,0.0,1,0.9985819666666668,dogru,15.986,0.0,0.0,0.0,0,16.88,True
828,Combined_LTE_DSSS_frame_286,0,30720000.0,10.0,5.0,1,0.8961237799999999,dogru,14.175,0.0,0.0,0.0,0,15.21,True
829,Combined_LTE_DSSS_frame_286,1,30720000.0,10.0,5.0,1,0.88159931,dogru,13.688,0.0,0.0,0.0,0,15.21,True
830,Combined_LTE_DSSS_frame_286,2,30720000.0,10.0,5.0,1,0.8901407833333334,dogru,14.309,0.0,0.0,0.0,0,15.21,True
831,Combined_LTE_DSSS_frame_286,3,30720000.0,10.0,5.0,1,0.9013388766666668,dogru,13.931,0.002,0.0,0.008,0,15.21,True
852,Combined_LTE_DSSS_frame_31,0,7680000.0,10.0,0.0,1,0.9882932533333334,dogru,15.847,0.0,0.0,0.0,0,16.9,True
853,Combined_LTE_DSSS_frame_31,1,7680000.0,10.0,0.0,1,0.9906728466666668,dogru,15.842,0.0,0.0,0.0,0,16.9,True
854,Combined_LTE_DSSS_frame_31,2,7680000.0,10.0,0.0,1,0.9925443966666666,dogru,15.89,0.0,0.0,0.0,0,16.9,True
855,Combined_LTE_DSSS_frame_31,3,7680000.0,10.0,0.0,1,0.9872010733333332,dogru,15.915,0.0,0.0,0.0,0,16.9,True
888,Combined_LTE_DSSS_frame_4,0,7680000.0,0.0,5.0,1,0.9084399133333334,dogru,5.325,0.146,0.0,0.433,0,6.43,True
889,Combined_LTE_DSSS_frame_4,1,7680000.0,0.0,5.0,1,0.90244628,dogru,5.345,0.127,0.0,0.233,0,6.43,True
890,Combined_LTE_DSSS_frame_4,2,7680000.0,0.0,5.0,1,0.8891891533333333,dogru,5.317,0.125,0.0,0.3,0,6.43,True
891,Combined_LTE_DSSS_frame_4,3,7680000.0,0.0,5.0,1,0.8945354600000001,dogru,5.251,0.15,0.031,0.533,1,6.43,True
944,Combined_LTE_DSSS_frame_52,0,7680000.0,10.0,5.0,1,0.8449369333333333,dogru,13.995,0.0,0.0,0.0,0,15.29,True
945,Combined_LTE_DSSS_frame_52,1,7680000.0,10.0,5.0,1,0.8421800833333334,dogru,13.851,0.0,0.0,0.0,0,15.29,True
946,Combined_LTE_DSSS_frame_52,2,7680000.0,10.0,5.0,1,0.8381628066666668,dogru,13.819,0.0,0.0,0.0,0,15.29,True
947,Combined_LTE_DSSS_frame_52,3,7680000.0,10.0,5.0,1,0.8058755,dogru,13.79,0.0,0.0,0.0,0,15.29,True
948,Combined_LTE_DSSS_frame_53,0,7680000.0,10.0,10.0,1,0.5470025833333333,dogru,13.021,0.047,0.0,0.233,0,14.56,True
949,Combined_LTE_DSSS_frame_53,1,7680000.0,10.0,10.0,1,0.6733983733333333,dogru,13.042,0.041,0.0,0.2,0,14.56,True
950,Combined_LTE_DSSS_frame_53,2,7680000.0,10.0,10.0,1,0.5978699733333332,dogru,13.083,0.037,0.0,0.2,0,14.56,True
951,Combined_LTE_DSSS_frame_53,3,7680000.0,10.0,10.0,1,0.5920636066666667,dogru,13.012,0.076,0.0,0.3,0,14.56,True
1000,Combined_LTE_DSSS_frame_65,0,7680000.0,5.0,10.0,1,0.5241764933333334,dogru,8.367,0.18,0.029,0.5,1,9.91,True
1001,Combined_LTE_DSSS_frame_65,1,7680000.0,5.0,10.0,1,0.5558389199999999,dogru,8.382,0.178,0.031,0.533,1,9.91,True
1002,Combined_LTE_DSSS_frame_65,2,7680000.0,5.0,10.0,1,0.5927667366666667,dogru,8.486,0.146,0.029,0.5,1,9.91,True
1003,Combined_LTE_DSSS_frame_65,3,7680000.0,5.0,10.0,1,0.67198958,dogru,8.635,0.137,0.031,0.533,1,9.91,True
1020,Combined_LTE_DSSS_frame_7,0,7680000.0,5.0,0.0,1,0.9828030333333334,dogru,11.186,0.0,0.0,0.0,0,12.15,True
1021,Combined_LTE_DSSS_frame_7,1,7680000.0,5.0,0.0,1,0.9799727366666668,dogru,11.127,0.0,0.0,0.0,0,12.15,True
1022,Combined_LTE_DSSS_frame_7,2,7680000.0,5.0,0.0,1,0.9804610566666666,dogru,11.168,0.0,0.0,0.0,0,12.15,True
1023,Combined_LTE_DSSS_frame_7,3,7680000.0,5.0,0.0,1,0.9774173166666666,dogru,11.045,0.0,0.0,0.0,0,12.15,True
1116,Combined_LTE_DSSS_frame_91,0,15360000.0,0.0,0.0,1,0.9951553,dogru,6.776,0.0,0.0,0.0,0,7.79,True
1117,Combined_LTE_DSSS_frame_91,1,15360000.0,0.0,0.0,1,0.9973928833333332,dogru,7.051,0.0,0.0,0.0,0,7.79,True
1118,Combined_LTE_DSSS_frame_91,2,15360000.0,0.0,0.0,1,0.9955518866666666,dogru,6.833,0.0,0.0,0.0,0,7.79,True
1119,Combined_LTE_DSSS_frame_91,3,15360000.0,0.0,0.0,1,0.9951735133333334,dogru,6.801,0.002,0.0,0.017,0,7.79,True
1120,Combined_LTE_DSSS_frame_92,0,15360000.0,0.0,0.0,1,0.9905643666666668,dogru,6.863,0.0,0.0,0.0,0,7.75,True
1121,Combined_LTE_DSSS_frame_92,1,15360000.0,0.0,0.0,1,0.9894935166666666,dogru,6.77,0.0,0.0,0.0,0,7.75,True
1122,Combined_LTE_DSSS_frame_92,2,15360000.0,0.0,0.0,1,0.9936891266666666,dogru,6.976,0.0,0.0,0.0,0,7.75,True
1123,Combined_LTE_DSSS_frame_92,3,15360000.0,0.0,0.0,1,0.9902209866666666,dogru,6.71,0.0,0.0,0.0,0,7.75,True
1172,OnlyLTE_frame_103,0,30720000.0,5.0,,0,0.2378942933333333,dogru,8.44,0.119,0.0,0.1,0,9.52,True
1173,OnlyLTE_frame_103,1,30720000.0,5.0,,0,0.2066037633333333,dogru,7.978,0.23,0.137,0.583,1,9.52,True
1174,OnlyLTE_frame_103,2,30720000.0,5.0,,0,0.1845600233333333,dogru,8.387,0.117,0.0,0.142,0,9.52,True
1175,OnlyLTE_frame_103,3,30720000.0,5.0,,0,0.20498938,dogru,7.449,0.342,0.236,1.008,1,9.52,True
1188,OnlyLTE_frame_107,0,30720000.0,5.0,,0,0.26889689,dogru,7.528,0.326,0.234,1.0,1,9.51,True
1189,OnlyLTE_frame_107,1,30720000.0,5.0,,0,0.2320991466666666,dogru,8.35,0.15,0.0,0.142,0,9.51,True
1190,OnlyLTE_frame_107,2,30720000.0,5.0,,0,0.2576358866666666,dogru,7.537,0.324,0.223,0.95,1,9.51,True
1191,OnlyLTE_frame_107,3,30720000.0,5.0,,0,0.1944337133333333,dogru,8.386,0.121,0.0,0.142,0,9.51,True
1228,OnlyLTE_frame_116,0,30720000.0,10.0,,0,0.1258677233333333,dogru,13.027,0.064,0.0,0.067,0,14.07,True
1229,OnlyLTE_frame_116,1,30720000.0,10.0,,0,0.3309651766666666,dogru,11.793,0.291,0.0,0.467,0,14.07,True
1230,OnlyLTE_frame_116,2,30720000.0,10.0,,0,0.13081913,dogru,12.946,0.074,0.0,0.075,0,14.07,True
1231,OnlyLTE_frame_116,3,30720000.0,10.0,,0,0.1997274966666666,dogru,12.293,0.211,0.0,0.425,0,14.07,True
1240,OnlyLTE_frame_119,0,30720000.0,10.0,,0,0.3338691366666667,dogru,11.735,0.287,0.0,0.25,0,14.08,True
1241,OnlyLTE_frame_119,1,30720000.0,10.0,,0,0.1046190463333333,dogru,13.001,0.068,0.0,0.075,0,14.08,True
1242,OnlyLTE_frame_119,2,30720000.0,10.0,,0,0.26129646,dogru,12.046,0.273,0.0,0.467,0,14.08,True
1243,OnlyLTE_frame_119,3,30720000.0,10.0,,0,0.1501410666666666,dogru,12.974,0.066,0.0,0.067,0,14.08,True
1256,OnlyLTE_frame_14,0,7680000.0,5.0,,0,0.3163033833333333,dogru,7.941,0.227,0.064,0.567,2,9.6,True
1257,OnlyLTE_frame_14,1,7680000.0,5.0,,0,0.2958013566666667,dogru,7.827,0.236,0.113,0.967,2,9.6,True
1258,OnlyLTE_frame_14,2,7680000.0,5.0,,0,0.3471209,dogru,8.05,0.221,0.066,0.6,2,9.6,True
1259,OnlyLTE_frame_14,3,7680000.0,5.0,,0,0.43568563,dogru,8.229,0.188,0.053,0.9,1,9.6,True
1264,OnlyLTE_frame_16,0,7680000.0,5.0,,0,0.3952045566666666,dogru,8.187,0.193,0.059,1.0,1,9.57,True
1265,OnlyLTE_frame_16,1,7680000.0,5.0,,0,0.3820478833333333,dogru,8.053,0.219,0.033,0.567,1,9.57,True
1266,OnlyLTE_frame_16,2,7680000.0,5.0,,0,0.32413609,dogru,7.873,0.234,0.09,0.967,2,9.57,True
1267,OnlyLTE_frame_16,3,7680000.0,5.0,,0,0.2733377266666666,dogru,7.994,0.238,0.094,1.0,2,9.57,True
1280,OnlyLTE_frame_2,0,7680000.0,0.0,,0,0.5644958666666667,FP,4.324,0.26,0.059,1.0,1,5.66,True
1281,OnlyLTE_frame_2,1,7680000.0,0.0,,0,0.60377139,FP,4.535,0.215,0.07,1.2,1,5.66,True
1282,OnlyLTE_frame_2,2,7680000.0,0.0,,0,0.5678966666666666,FP,4.374,0.23,0.07,1.2,1,5.66,True
1283,OnlyLTE_frame_2,3,7680000.0,0.0,,0,0.5600884733333333,FP,4.339,0.275,0.043,0.733,1,5.66,True
1304,OnlyLTE_frame_25,0,7680000.0,10.0,,0,0.1488375966666666,dogru,12.372,0.162,0.059,0.5,2,14.14,True
1305,OnlyLTE_frame_25,1,7680000.0,10.0,,0,0.1868571999999999,dogru,12.444,0.166,0.059,0.5,2,14.14,True
1306,OnlyLTE_frame_25,2,7680000.0,10.0,,0,0.1866747899999999,dogru,12.358,0.158,0.029,0.5,1,14.14,True
1307,OnlyLTE_frame_25,3,7680000.0,10.0,,0,0.1675434366666666,dogru,12.461,0.156,0.0,0.433,0,14.14,True
1332,OnlyLTE_frame_31,0,15360000.0,0.0,,0,0.6026169966666667,FP,4.606,0.119,0.0,0.15,0,5.52,True
1333,OnlyLTE_frame_31,1,15360000.0,0.0,,0,0.4849691,dogru,4.274,0.23,0.092,0.783,1,5.52,True
1334,OnlyLTE_frame_31,2,15360000.0,0.0,,0,0.4522887266666666,dogru,4.287,0.217,0.133,1.133,1,5.52,True
1335,OnlyLTE_frame_31,3,15360000.0,0.0,,0,0.4394841833333333,dogru,4.276,0.238,0.135,1.15,1,5.52,True
1368,OnlyLTE_frame_4,0,7680000.0,0.0,,0,0.4549082866666666,dogru,4.286,0.275,0.129,1.2,2,5.67,True
1369,OnlyLTE_frame_4,1,7680000.0,0.0,,0,0.5140224266666666,FP,4.286,0.277,0.117,1.0,2,5.67,True
1370,OnlyLTE_frame_4,2,7680000.0,0.0,,0,0.5100606366666667,FP,4.25,0.279,0.115,1.2,2,5.67,True
1371,OnlyLTE_frame_4,3,7680000.0,0.0,,0,0.5866514533333334,FP,4.323,0.254,0.059,1.0,1,5.67,True
1424,OnlyLTE_frame_52,0,15360000.0,10.0,,0,0.1929509533333333,dogru,12.419,0.168,0.078,0.667,1,14.02,True
1425,OnlyLTE_frame_52,1,15360000.0,10.0,,0,0.23439153,dogru,12.404,0.166,0.0,0.433,0,14.02,True
1426,OnlyLTE_frame_52,2,15360000.0,10.0,,0,0.1935478833333333,dogru,12.885,0.07,0.0,0.133,0,14.02,True
1427,OnlyLTE_frame_52,3,15360000.0,10.0,,0,0.1735838866666667,dogru,12.473,0.158,0.084,0.717,1,14.02,True
1428,OnlyLTE_frame_53,0,15360000.0,10.0,,0,0.2318759266666666,dogru,12.387,0.16,0.0,0.433,0,13.97,True
1429,OnlyLTE_frame_53,1,15360000.0,10.0,,0,0.2733905299999999,dogru,12.416,0.164,0.0,0.483,0,13.97,True
1430,OnlyLTE_frame_53,2,15360000.0,10.0,,0,0.1368469433333333,dogru,12.56,0.156,0.0,0.433,0,13.97,True
1431,OnlyLTE_frame_53,3,15360000.0,10.0,,0,0.2038040566666666,dogru,12.464,0.154,0.0,0.45,0,13.97,True
1480,OnlyLTE_frame_65,0,30720000.0,0.0,,0,0.6012366866666666,FP,5.431,0.146,0.0,0.142,0,6.49,True
1481,OnlyLTE_frame_65,1,30720000.0,0.0,,0,0.3520211099999999,dogru,4.64,0.34,0.197,0.842,1,6.49,True
1482,OnlyLTE_frame_65,2,30720000.0,0.0,,0,0.5951509899999999,FP,5.444,0.129,0.0,0.142,0,6.49,True
1483,OnlyLTE_frame_65,3,30720000.0,0.0,,0,0.36762887,dogru,4.747,0.33,0.234,1.0,1,6.49,True
1500,OnlyLTE_frame_7,0,7680000.0,0.0,,0,0.5430657833333333,FP,4.254,0.291,0.096,1.033,2,5.66,True
1501,OnlyLTE_frame_7,1,7680000.0,0.0,,0,0.58123778,FP,4.437,0.223,0.057,0.967,1,5.66,True
1502,OnlyLTE_frame_7,2,7680000.0,0.0,,0,0.5909506466666666,FP,4.459,0.227,0.07,1.2,1,5.66,True
1503,OnlyLTE_frame_7,3,7680000.0,0.0,,0,0.62444463,FP,4.394,0.256,0.031,0.533,1,5.66,True
1596,OnlyLTE_frame_91,0,30720000.0,0.0,,0,0.5288998733333333,FP,4.655,0.133,0.0,0.142,0,5.56,True
1597,OnlyLTE_frame_91,1,30720000.0,0.0,,0,0.2395554146666666,dogru,3.921,0.326,0.244,1.042,1,5.56,True
1598,OnlyLTE_frame_91,2,30720000.0,0.0,,0,0.46326732,dogru,4.553,0.129,0.0,0.142,0,5.56,True
1599,OnlyLTE_frame_91,3,30720000.0,0.0,,0,0.3081963,dogru,3.867,0.361,0.244,1.042,1,5.56,True
1600,OnlyLTE_frame_92,0,30720000.0,0.0,,0,0.2775974166666666,dogru,3.931,0.342,0.252,1.075,1,5.58,True
1601,OnlyLTE_frame_92,1,30720000.0,0.0,,0,0.4652951333333333,dogru,4.579,0.152,0.0,0.142,0,5.58,True
1602,OnlyLTE_frame_92,2,30720000.0,0.0,,0,0.2876036166666667,dogru,3.986,0.326,0.168,0.717,1,5.58,True
1603,OnlyLTE_frame_92,3,30720000.0,0.0,,0,0.5271448799999999,FP,4.681,0.123,0.0,0.133,0,5.58,True
