file,frame,label,sir_db,signal_type,group,split
Combined_LTE_DSSS_frame_1.csv,1,1,0.0,LTE_DSSS,frame_1,train
Combined_LTE_DSSS_frame_10.csv,10,1,5.0,LTE_DSSS,frame_10,train
Combined_LTE_DSSS_frame_100.csv,100,1,5.0,LTE_DSSS,frame_100,train
Combined_LTE_DSSS_frame_101.csv,101,1,10.0,LTE_DSSS,frame_101,train
Combined_LTE_DSSS_frame_102.csv,102,1,10.0,LTE_DSSS,frame_102,train
Combined_LTE_DSSS_frame_103.csv,103,1,0.0,LTE_DSSS,frame_103,test
Combined_LTE_DSSS_frame_104.csv,104,1,0.0,LTE_DSSS,frame_104,val
Combined_LTE_DSSS_frame_105.csv,105,1,5.0,LTE_DSSS,frame_105,train
Combined_LTE_DSSS_frame_106.csv,106,1,5.0,LTE_DSSS,frame_106,train
Combined_LTE_DSSS_frame_107.csv,107,1,10.0,LTE_DSSS,frame_107,test
Combined_LTE_DSSS_frame_108.csv,108,1,10.0,LTE_DSSS,frame_108,val
Combined_LTE_DSSS_frame_109.csv,109,1,0.0,LTE_DSSS,frame_109,train
Combined_LTE_DSSS_frame_11.csv,11,1,10.0,LTE_DSSS,frame_11,train
Combined_LTE_DSSS_frame_110.csv,110,1,0.0,LTE_DSSS,frame_110,train
Combined_LTE_DSSS_frame_111.csv,111,1,5.0,LTE_DSSS,frame_111,train
Combined_LTE_DSSS_frame_112.csv,112,1,5.0,LTE_DSSS,frame_112,val
Combined_LTE_DSSS_frame_113.csv,113,1,10.0,LTE_DSSS,frame_113,val
Combined_LTE_DSSS_frame_114.csv,114,1,10.0,LTE_DSSS,frame_114,train
Combined_LTE_DSSS_frame_115.csv,115,1,0.0,LTE_DSSS,frame_115,val
Combined_LTE_DSSS_frame_116.csv,116,1,0.0,LTE_DSSS,frame_116,test
Combined_LTE_DSSS_frame_117.csv,117,1,5.0,LTE_DSSS,frame_117,train
Combined_LTE_DSSS_frame_118.csv,118,1,5.0,LTE_DSSS,frame_118,train
Combined_LTE_DSSS_frame_119.csv,119,1,10.0,LTE_DSSS,frame_119,test
Combined_LTE_DSSS_frame_12.csv,12,1,10.0,LTE_DSSS,frame_12,train
Combined_LTE_DSSS_frame_120.csv,120,1,10.0,LTE_DSSS,frame_120,val
Combined_LTE_DSSS_frame_121.csv,121,1,0.0,LTE_DSSS,frame_121,val
Combined_LTE_DSSS_frame_122.csv,122,1,0.0,LTE_DSSS,frame_122,train
Combined_LTE_DSSS_frame_123.csv,123,1,5.0,LTE_DSSS,frame_123,train
Combined_LTE_DSSS_frame_124.csv,124,1,5.0,LTE_DSSS,frame_124,train
Combined_LTE_DSSS_frame_125.csv,125,1,10.0,LTE_DSSS,frame_125,train
Combined_LTE_DSSS_frame_126.csv,126,1,10.0,LTE_DSSS,frame_126,test
Combined_LTE_DSSS_frame_127.csv,127,1,0.0,LTE_DSSS,frame_127,train
Combined_LTE_DSSS_frame_128.csv,128,1,0.0,LTE_DSSS,frame_128,train
Combined_LTE_DSSS_frame_129.csv,129,1,5.0,LTE_DSSS,frame_129,test
Combined_LTE_DSSS_frame_13.csv,13,1,0.0,LTE_DSSS,frame_13,train
Combined_LTE_DSSS_frame_130.csv,130,1,5.0,LTE_DSSS,frame_130,train
Combined_LTE_DSSS_frame_131.csv,131,1,10.0,LTE_DSSS,frame_131,train
Combined_LTE_DSSS_frame_132.csv,132,1,10.0,LTE_DSSS,frame_132,val
Combined_LTE_DSSS_frame_133.csv,133,1,0.0,LTE_DSSS,frame_133,train
Combined_LTE_DSSS_frame_134.csv,134,1,0.0,LTE_DSSS,frame_134,train
Combined_LTE_DSSS_frame_135.csv,135,1,5.0,LTE_DSSS,frame_135,train
Combined_LTE_DSSS_frame_136.csv,136,1,5.0,LTE_DSSS,frame_136,train
Combined_LTE_DSSS_frame_137.csv,137,1,10.0,LTE_DSSS,frame_137,val
Combined_LTE_DSSS_frame_138.csv,138,1,10.0,LTE_DSSS,frame_138,train
Combined_LTE_DSSS_frame_139.csv,139,1,0.0,LTE_DSSS,frame_139,train
Combined_LTE_DSSS_frame_14.csv,14,1,0.0,LTE_DSSS,frame_14,test
Combined_LTE_DSSS_frame_140.csv,140,1,0.0,LTE_DSSS,frame_140,val
Combined_LTE_DSSS_frame_141.csv,141,1,5.0,LTE_DSSS,frame_141,train
Combined_LTE_DSSS_frame_142.csv,142,1,5.0,LTE_DSSS,frame_142,train
Combined_LTE_DSSS_frame_143.csv,143,1,10.0,LTE_DSSS,frame_143,train
Combined_LTE_DSSS_frame_144.csv,144,1,10.0,LTE_DSSS,frame_144,train
Combined_LTE_DSSS_frame_145.csv,145,1,0.0,LTE_DSSS,frame_145,train
Combined_LTE_DSSS_frame_146.csv,146,1,0.0,LTE_DSSS,frame_146,train
Combined_LTE_DSSS_frame_147.csv,147,1,5.0,LTE_DSSS,frame_147,train
Combined_LTE_DSSS_frame_148.csv,148,1,5.0,LTE_DSSS,frame_148,train
Combined_LTE_DSSS_frame_149.csv,149,1,10.0,LTE_DSSS,frame_149,train
Combined_LTE_DSSS_frame_15.csv,15,1,5.0,LTE_DSSS,frame_15,val
Combined_LTE_DSSS_frame_150.csv,150,1,10.0,LTE_DSSS,frame_150,train
Combined_LTE_DSSS_frame_151.csv,151,1,0.0,LTE_DSSS,frame_151,train
Combined_LTE_DSSS_frame_152.csv,152,1,0.0,LTE_DSSS,frame_152,train
Combined_LTE_DSSS_frame_153.csv,153,1,5.0,LTE_DSSS,frame_153,val
Combined_LTE_DSSS_frame_154.csv,154,1,5.0,LTE_DSSS,frame_154,train
Combined_LTE_DSSS_frame_155.csv,155,1,10.0,LTE_DSSS,frame_155,train
Combined_LTE_DSSS_frame_156.csv,156,1,10.0,LTE_DSSS,frame_156,val
Combined_LTE_DSSS_frame_157.csv,157,1,0.0,LTE_DSSS,frame_157,train
Combined_LTE_DSSS_frame_158.csv,158,1,0.0,LTE_DSSS,frame_158,train
Combined_LTE_DSSS_frame_159.csv,159,1,5.0,LTE_DSSS,frame_159,val
Combined_LTE_DSSS_frame_16.csv,16,1,5.0,LTE_DSSS,frame_16,test
Combined_LTE_DSSS_frame_160.csv,160,1,5.0,LTE_DSSS,frame_160,test
Combined_LTE_DSSS_frame_161.csv,161,1,10.0,LTE_DSSS,frame_161,train
Combined_LTE_DSSS_frame_162.csv,162,1,10.0,LTE_DSSS,frame_162,train
Combined_LTE_DSSS_frame_163.csv,163,1,0.0,LTE_DSSS,frame_163,train
Combined_LTE_DSSS_frame_164.csv,164,1,0.0,LTE_DSSS,frame_164,train
Combined_LTE_DSSS_frame_165.csv,165,1,5.0,LTE_DSSS,frame_165,test
Combined_LTE_DSSS_frame_166.csv,166,1,5.0,LTE_DSSS,frame_166,train
Combined_LTE_DSSS_frame_167.csv,167,1,10.0,LTE_DSSS,frame_167,test
Combined_LTE_DSSS_frame_168.csv,168,1,10.0,LTE_DSSS,frame_168,train
Combined_LTE_DSSS_frame_169.csv,169,1,0.0,LTE_DSSS,frame_169,val
Combined_LTE_DSSS_frame_17.csv,17,1,10.0,LTE_DSSS,frame_17,train
Combined_LTE_DSSS_frame_170.csv,170,1,0.0,LTE_DSSS,frame_170,test
Combined_LTE_DSSS_frame_171.csv,171,1,5.0,LTE_DSSS,frame_171,train
Combined_LTE_DSSS_frame_172.csv,172,1,5.0,LTE_DSSS,frame_172,train
Combined_LTE_DSSS_frame_173.csv,173,1,10.0,LTE_DSSS,frame_173,test
Combined_LTE_DSSS_frame_174.csv,174,1,10.0,LTE_DSSS,frame_174,train
Combined_LTE_DSSS_frame_175.csv,175,1,0.0,LTE_DSSS,frame_175,val
Combined_LTE_DSSS_frame_176.csv,176,1,0.0,LTE_DSSS,frame_176,train
Combined_LTE_DSSS_frame_177.csv,177,1,5.0,LTE_DSSS,frame_177,train
Combined_LTE_DSSS_frame_178.csv,178,1,5.0,LTE_DSSS,frame_178,train
Combined_LTE_DSSS_frame_179.csv,179,1,10.0,LTE_DSSS,frame_179,train
Combined_LTE_DSSS_frame_18.csv,18,1,10.0,LTE_DSSS,frame_18,train
Combined_LTE_DSSS_frame_180.csv,180,1,10.0,LTE_DSSS,frame_180,val
Combined_LTE_DSSS_frame_181.csv,181,1,0.0,LTE_DSSS,frame_181,train
Combined_LTE_DSSS_frame_182.csv,182,1,0.0,LTE_DSSS,frame_182,test
Combined_LTE_DSSS_frame_183.csv,183,1,5.0,LTE_DSSS,frame_183,val
Combined_LTE_DSSS_frame_184.csv,184,1,5.0,LTE_DSSS,frame_184,train
Combined_LTE_DSSS_frame_185.csv,185,1,10.0,LTE_DSSS,frame_185,train
Combined_LTE_DSSS_frame_186.csv,186,1,10.0,LTE_DSSS,frame_186,train
Combined_LTE_DSSS_frame_187.csv,187,1,0.0,LTE_DSSS,frame_187,val
Combined_LTE_DSSS_frame_188.csv,188,1,0.0,LTE_DSSS,frame_188,train
Combined_LTE_DSSS_frame_189.csv,189,1,5.0,LTE_DSSS,frame_189,train
Combined_LTE_DSSS_frame_19.csv,19,1,0.0,LTE_DSSS,frame_19,train
Combined_LTE_DSSS_frame_190.csv,190,1,5.0,LTE_DSSS,frame_190,test
Combined_LTE_DSSS_frame_191.csv,191,1,10.0,LTE_DSSS,frame_191,train
Combined_LTE_DSSS_frame_192.csv,192,1,10.0,LTE_DSSS,frame_192,train
Combined_LTE_DSSS_frame_193.csv,193,1,0.0,LTE_DSSS,frame_193,train
Combined_LTE_DSSS_frame_194.csv,194,1,0.0,LTE_DSSS,frame_194,train
Combined_LTE_DSSS_frame_195.csv,195,1,5.0,LTE_DSSS,frame_195,train
Combined_LTE_DSSS_frame_196.csv,196,1,5.0,LTE_DSSS,frame_196,train
Combined_LTE_DSSS_frame_197.csv,197,1,10.0,LTE_DSSS,frame_197,test
Combined_LTE_DSSS_frame_198.csv,198,1,10.0,LTE_DSSS,frame_198,test
Combined_LTE_DSSS_frame_199.csv,199,1,0.0,LTE_DSSS,frame_199,train
Combined_LTE_DSSS_frame_2.csv,2,1,0.0,LTE_DSSS,frame_2,test
Combined_LTE_DSSS_frame_20.csv,20,1,0.0,LTE_DSSS,frame_20,train
Combined_LTE_DSSS_frame_200.csv,200,1,0.0,LTE_DSSS,frame_200,test
Combined_LTE_DSSS_frame_201.csv,201,1,5.0,LTE_DSSS,frame_201,train
Combined_LTE_DSSS_frame_202.csv,202,1,5.0,LTE_DSSS,frame_202,train
Combined_LTE_DSSS_frame_203.csv,203,1,10.0,LTE_DSSS,frame_203,test
Combined_LTE_DSSS_frame_204.csv,204,1,10.0,LTE_DSSS,frame_204,test
Combined_LTE_DSSS_frame_205.csv,205,1,0.0,LTE_DSSS,frame_205,val
Combined_LTE_DSSS_frame_206.csv,206,1,0.0,LTE_DSSS,frame_206,train
Combined_LTE_DSSS_frame_207.csv,207,1,5.0,LTE_DSSS,frame_207,train
Combined_LTE_DSSS_frame_208.csv,208,1,5.0,LTE_DSSS,frame_208,train
Combined_LTE_DSSS_frame_209.csv,209,1,10.0,LTE_DSSS,frame_209,train
Combined_LTE_DSSS_frame_21.csv,21,1,5.0,LTE_DSSS,frame_21,train
Combined_LTE_DSSS_frame_210.csv,210,1,10.0,LTE_DSSS,frame_210,train
Combined_LTE_DSSS_frame_211.csv,211,1,0.0,LTE_DSSS,frame_211,train
Combined_LTE_DSSS_frame_212.csv,212,1,0.0,LTE_DSSS,frame_212,train
Combined_LTE_DSSS_frame_213.csv,213,1,5.0,LTE_DSSS,frame_213,train
Combined_LTE_DSSS_frame_214.csv,214,1,5.0,LTE_DSSS,frame_214,train
Combined_LTE_DSSS_frame_215.csv,215,1,10.0,LTE_DSSS,frame_215,train
Combined_LTE_DSSS_frame_216.csv,216,1,10.0,LTE_DSSS,frame_216,train
Combined_LTE_DSSS_frame_217.csv,217,1,0.0,LTE_DSSS,frame_217,train
Combined_LTE_DSSS_frame_218.csv,218,1,0.0,LTE_DSSS,frame_218,val
Combined_LTE_DSSS_frame_219.csv,219,1,5.0,LTE_DSSS,frame_219,train
Combined_LTE_DSSS_frame_22.csv,22,1,5.0,LTE_DSSS,frame_22,train
Combined_LTE_DSSS_frame_220.csv,220,1,5.0,LTE_DSSS,frame_220,train
Combined_LTE_DSSS_frame_221.csv,221,1,10.0,LTE_DSSS,frame_221,train
Combined_LTE_DSSS_frame_222.csv,222,1,10.0,LTE_DSSS,frame_222,train
Combined_LTE_DSSS_frame_223.csv,223,1,0.0,LTE_DSSS,frame_223,train
Combined_LTE_DSSS_frame_224.csv,224,1,0.0,LTE_DSSS,frame_224,train
Combined_LTE_DSSS_frame_225.csv,225,1,5.0,LTE_DSSS,frame_225,test
Combined_LTE_DSSS_frame_226.csv,226,1,5.0,LTE_DSSS,frame_226,train
Combined_LTE_DSSS_frame_227.csv,227,1,10.0,LTE_DSSS,frame_227,train
Combined_LTE_DSSS_frame_228.csv,228,1,10.0,LTE_DSSS,frame_228,val
Combined_LTE_DSSS_frame_229.csv,229,1,0.0,LTE_DSSS,frame_229,val
Combined_LTE_DSSS_frame_23.csv,23,1,10.0,LTE_DSSS,frame_23,train
Combined_LTE_DSSS_frame_230.csv,230,1,0.0,LTE_DSSS,frame_230,test
Combined_LTE_DSSS_frame_231.csv,231,1,5.0,LTE_DSSS,frame_231,val
Combined_LTE_DSSS_frame_232.csv,232,1,5.0,LTE_DSSS,frame_232,train
Combined_LTE_DSSS_frame_233.csv,233,1,10.0,LTE_DSSS,frame_233,train
Combined_LTE_DSSS_frame_234.csv,234,1,10.0,LTE_DSSS,frame_234,train
Combined_LTE_DSSS_frame_235.csv,235,1,0.0,LTE_DSSS,frame_235,train
Combined_LTE_DSSS_frame_236.csv,236,1,0.0,LTE_DSSS,frame_236,train
Combined_LTE_DSSS_frame_237.csv,237,1,5.0,LTE_DSSS,frame_237,train
Combined_LTE_DSSS_frame_238.csv,238,1,5.0,LTE_DSSS,frame_238,val
Combined_LTE_DSSS_frame_239.csv,239,1,10.0,LTE_DSSS,frame_239,test
Combined_LTE_DSSS_frame_24.csv,24,1,10.0,LTE_DSSS,frame_24,train
Combined_LTE_DSSS_frame_240.csv,240,1,10.0,LTE_DSSS,frame_240,val
Combined_LTE_DSSS_frame_241.csv,241,1,0.0,LTE_DSSS,frame_241,test
Combined_LTE_DSSS_frame_242.csv,242,1,0.0,LTE_DSSS,frame_242,train
Combined_LTE_DSSS_frame_243.csv,243,1,5.0,LTE_DSSS,frame_243,train
Combined_LTE_DSSS_frame_244.csv,244,1,5.0,LTE_DSSS,frame_244,train
Combined_LTE_DSSS_frame_245.csv,245,1,10.0,LTE_DSSS,frame_245,train
Combined_LTE_DSSS_frame_246.csv,246,1,10.0,LTE_DSSS,frame_246,train
Combined_LTE_DSSS_frame_247.csv,247,1,0.0,LTE_DSSS,frame_247,train
Combined_LTE_DSSS_frame_248.csv,248,1,0.0,LTE_DSSS,frame_248,test
Combined_LTE_DSSS_frame_249.csv,249,1,5.0,LTE_DSSS,frame_249,train
Combined_LTE_DSSS_frame_25.csv,25,1,0.0,LTE_DSSS,frame_25,test
Combined_LTE_DSSS_frame_250.csv,250,1,5.0,LTE_DSSS,frame_250,test
Combined_LTE_DSSS_frame_251.csv,251,1,10.0,LTE_DSSS,frame_251,train
Combined_LTE_DSSS_frame_252.csv,252,1,10.0,LTE_DSSS,frame_252,train
Combined_LTE_DSSS_frame_253.csv,253,1,0.0,LTE_DSSS,frame_253,train
Combined_LTE_DSSS_frame_254.csv,254,1,0.0,LTE_DSSS,frame_254,test
Combined_LTE_DSSS_frame_255.csv,255,1,5.0,LTE_DSSS,frame_255,val
Combined_LTE_DSSS_frame_256.csv,256,1,5.0,LTE_DSSS,frame_256,train
Combined_LTE_DSSS_frame_257.csv,257,1,10.0,LTE_DSSS,frame_257,train
Combined_LTE_DSSS_frame_258.csv,258,1,10.0,LTE_DSSS,frame_258,train
Combined_LTE_DSSS_frame_259.csv,259,1,0.0,LTE_DSSS,frame_259,train
Combined_LTE_DSSS_frame_26.csv,26,1,0.0,LTE_DSSS,frame_26,train
Combined_LTE_DSSS_frame_260.csv,260,1,0.0,LTE_DSSS,frame_260,test
Combined_LTE_DSSS_frame_261.csv,261,1,5.0,LTE_DSSS,frame_261,train
Combined_LTE_DSSS_frame_262.csv,262,1,5.0,LTE_DSSS,frame_262,test
Combined_LTE_DSSS_frame_263.csv,263,1,10.0,LTE_DSSS,frame_263,train
Combined_LTE_DSSS_frame_264.csv,264,1,10.0,LTE_DSSS,frame_264,test
Combined_LTE_DSSS_frame_265.csv,265,1,0.0,LTE_DSSS,frame_265,train
Combined_LTE_DSSS_frame_266.csv,266,1,0.0,LTE_DSSS,frame_266,test
Combined_LTE_DSSS_frame_267.csv,267,1,5.0,LTE_DSSS,frame_267,train
Combined_LTE_DSSS_frame_268.csv,268,1,5.0,LTE_DSSS,frame_268,train
Combined_LTE_DSSS_frame_269.csv,269,1,10.0,LTE_DSSS,frame_269,train
Combined_LTE_DSSS_frame_27.csv,27,1,5.0,LTE_DSSS,frame_27,train
Combined_LTE_DSSS_frame_270.csv,270,1,10.0,LTE_DSSS,frame_270,train
Combined_LTE_DSSS_frame_271.csv,271,1,0.0,LTE_DSSS,frame_271,train
Combined_LTE_DSSS_frame_272.csv,272,1,0.0,LTE_DSSS,frame_272,train
Combined_LTE_DSSS_frame_273.csv,273,1,5.0,LTE_DSSS,frame_273,train
Combined_LTE_DSSS_frame_274.csv,274,1,5.0,LTE_DSSS,frame_274,val
Combined_LTE_DSSS_frame_275.csv,275,1,10.0,LTE_DSSS,frame_275,test
Combined_LTE_DSSS_frame_276.csv,276,1,10.0,LTE_DSSS,frame_276,train
Combined_LTE_DSSS_frame_277.csv,277,1,0.0,LTE_DSSS,frame_277,train
Combined_LTE_DSSS_frame_278.csv,278,1,0.0,LTE_DSSS,frame_278,train
Combined_LTE_DSSS_frame_279.csv,279,1,5.0,LTE_DSSS,frame_279,train
Combined_LTE_DSSS_frame_28.csv,28,1,5.0,LTE_DSSS,frame_28,train
Combined_LTE_DSSS_frame_280.csv,280,1,5.0,LTE_DSSS,frame_280,train
Combined_LTE_DSSS_frame_281.csv,281,1,10.0,LTE_DSSS,frame_281,val
Combined_LTE_DSSS_frame_282.csv,282,1,10.0,LTE_DSSS,frame_282,train
Combined_LTE_DSSS_frame_283.csv,283,1,0.0,LTE_DSSS,frame_283,test
Combined_LTE_DSSS_frame_284.csv,284,1,0.0,LTE_DSSS,frame_284,train
Combined_LTE_DSSS_frame_285.csv,285,1,5.0,LTE_DSSS,frame_285,val
Combined_LTE_DSSS_frame_286.csv,286,1,5.0,LTE_DSSS,frame_286,test
Combined_LTE_DSSS_frame_287.csv,287,1,10.0,LTE_DSSS,frame_287,train
Combined_LTE_DSSS_frame_288.csv,288,1,10.0,LTE_DSSS,frame_288,val
Combined_LTE_DSSS_frame_29.csv,29,1,10.0,LTE_DSSS,frame_29,train
Combined_LTE_DSSS_frame_3.csv,3,1,5.0,LTE_DSSS,frame_3,train
Combined_LTE_DSSS_frame_30.csv,30,1,10.0,LTE_DSSS,frame_30,train
Combined_LTE_DSSS_frame_31.csv,31,1,0.0,LTE_DSSS,frame_31,test
Combined_LTE_DSSS_frame_32.csv,32,1,0.0,LTE_DSSS,frame_32,train
Combined_LTE_DSSS_frame_33.csv,33,1,5.0,LTE_DSSS,frame_33,train
Combined_LTE_DSSS_frame_34.csv,34,1,5.0,LTE_DSSS,frame_34,val
Combined_LTE_DSSS_frame_35.csv,35,1,10.0,LTE_DSSS,frame_35,train
Combined_LTE_DSSS_frame_36.csv,36,1,10.0,LTE_DSSS,frame_36,train
Combined_LTE_DSSS_frame_37.csv,37,1,0.0,LTE_DSSS,frame_37,train
Combined_LTE_DSSS_frame_38.csv,38,1,0.0,LTE_DSSS,frame_38,train
Combined_LTE_DSSS_frame_39.csv,39,1,5.0,LTE_DSSS,frame_39,train
Combined_LTE_DSSS_frame_4.csv,4,1,5.0,LTE_DSSS,frame_4,test
Combined_LTE_DSSS_frame_40.csv,40,1,5.0,LTE_DSSS,frame_40,train
Combined_LTE_DSSS_frame_41.csv,41,1,10.0,LTE_DSSS,frame_41,val
Combined_LTE_DSSS_frame_42.csv,42,1,10.0,LTE_DSSS,frame_42,train
Combined_LTE_DSSS_frame_43.csv,43,1,0.0,LTE_DSSS,frame_43,train
Combined_LTE_DSSS_frame_44.csv,44,1,0.0,LTE_DSSS,frame_44,train
Combined_LTE_DSSS_frame_45.csv,45,1,5.0,LTE_DSSS,frame_45,train
Combined_LTE_DSSS_frame_46.csv,46,1,5.0,LTE_DSSS,frame_46,train
Combined_LTE_DSSS_frame_47.csv,47,1,10.0,LTE_DSSS,frame_47,train
Combined_LTE_DSSS_frame_48.csv,48,1,10.0,LTE_DSSS,frame_48,val
Combined_LTE_DSSS_frame_49.csv,49,1,0.0,LTE_DSSS,frame_49,train
Combined_LTE_DSSS_frame_5.csv,5,1,10.0,LTE_DSSS,frame_5,train
Combined_LTE_DSSS_frame_50.csv,50,1,0.0,LTE_DSSS,frame_50,train
Combined_LTE_DSSS_frame_51.csv,51,1,5.0,LTE_DSSS,frame_51,train
Combined_LTE_DSSS_frame_52.csv,52,1,5.0,LTE_DSSS,frame_52,test
Combined_LTE_DSSS_frame_53.csv,53,1,10.0,LTE_DSSS,frame_53,test
Combined_LTE_DSSS_frame_54.csv,54,1,10.0,LTE_DSSS,frame_54,train
Combined_LTE_DSSS_frame_55.csv,55,1,0.0,LTE_DSSS,frame_55,val
Combined_LTE_DSSS_frame_56.csv,56,1,0.0,LTE_DSSS,frame_56,train
Combined_LTE_DSSS_frame_57.csv,57,1,5.0,LTE_DSSS,frame_57,train
Combined_LTE_DSSS_frame_58.csv,58,1,5.0,LTE_DSSS,frame_58,train
Combined_LTE_DSSS_frame_59.csv,59,1,10.0,LTE_DSSS,frame_59,train
Combined_LTE_DSSS_frame_6.csv,6,1,10.0,LTE_DSSS,frame_6,train
Combined_LTE_DSSS_frame_60.csv,60,1,10.0,LTE_DSSS,frame_60,train
Combined_LTE_DSSS_frame_61.csv,61,1,0.0,LTE_DSSS,frame_61,train
Combined_LTE_DSSS_frame_62.csv,62,1,0.0,LTE_DSSS,frame_62,train
Combined_LTE_DSSS_frame_63.csv,63,1,5.0,LTE_DSSS,frame_63,train
Combined_LTE_DSSS_frame_64.csv,64,1,5.0,LTE_DSSS,frame_64,train
Combined_LTE_DSSS_frame_65.csv,65,1,10.0,LTE_DSSS,frame_65,test
Combined_LTE_DSSS_frame_66.csv,66,1,10.0,LTE_DSSS,frame_66,train
Combined_LTE_DSSS_frame_67.csv,67,1,0.0,LTE_DSSS,frame_67,train
Combined_LTE_DSSS_frame_68.csv,68,1,0.0,LTE_DSSS,frame_68,val
Combined_LTE_DSSS_frame_69.csv,69,1,5.0,LTE_DSSS,frame_69,val
Combined_LTE_DSSS_frame_7.csv,7,1,0.0,LTE_DSSS,frame_7,test
Combined_LTE_DSSS_frame_70.csv,70,1,5.0,LTE_DSSS,frame_70,val
Combined_LTE_DSSS_frame_71.csv,71,1,10.0,LTE_DSSS,frame_71,train
Combined_LTE_DSSS_frame_72.csv,72,1,10.0,LTE_DSSS,frame_72,train
Combined_LTE_DSSS_frame_73.csv,73,1,0.0,LTE_DSSS,frame_73,train
Combined_LTE_DSSS_frame_74.csv,74,1,0.0,LTE_DSSS,frame_74,val
Combined_LTE_DSSS_frame_75.csv,75,1,5.0,LTE_DSSS,frame_75,train
Combined_LTE_DSSS_frame_76.csv,76,1,5.0,LTE_DSSS,frame_76,train
Combined_LTE_DSSS_frame_77.csv,77,1,10.0,LTE_DSSS,frame_77,train
Combined_LTE_DSSS_frame_78.csv,78,1,10.0,LTE_DSSS,frame_78,train
Combined_LTE_DSSS_frame_79.csv,79,1,0.0,LTE_DSSS,frame_79,train
Combined_LTE_DSSS_frame_8.csv,8,1,0.0,LTE_DSSS,frame_8,train
Combined_LTE_DSSS_frame_80.csv,80,1,0.0,LTE_DSSS,frame_80,val
Combined_LTE_DSSS_frame_81.csv,81,1,5.0,LTE_DSSS,frame_81,train
Combined_LTE_DSSS_frame_82.csv,82,1,5.0,LTE_DSSS,frame_82,train
Combined_LTE_DSSS_frame_83.csv,83,1,10.0,LTE_DSSS,frame_83,train
Combined_LTE_DSSS_frame_84.csv,84,1,10.0,LTE_DSSS,frame_84,train
Combined_LTE_DSSS_frame_85.csv,85,1,0.0,LTE_DSSS,frame_85,train
Combined_LTE_DSSS_frame_86.csv,86,1,0.0,LTE_DSSS,frame_86,train
Combined_LTE_DSSS_frame_87.csv,87,1,5.0,LTE_DSSS,frame_87,val
Combined_LTE_DSSS_frame_88.csv,88,1,5.0,LTE_DSSS,frame_88,train
Combined_LTE_DSSS_frame_89.csv,89,1,10.0,LTE_DSSS,frame_89,train
Combined_LTE_DSSS_frame_9.csv,9,1,5.0,LTE_DSSS,frame_9,val
Combined_LTE_DSSS_frame_90.csv,90,1,10.0,LTE_DSSS,frame_90,train
Combined_LTE_DSSS_frame_91.csv,91,1,0.0,LTE_DSSS,frame_91,test
Combined_LTE_DSSS_frame_92.csv,92,1,0.0,LTE_DSSS,frame_92,test
Combined_LTE_DSSS_frame_93.csv,93,1,5.0,LTE_DSSS,frame_93,train
Combined_LTE_DSSS_frame_94.csv,94,1,5.0,LTE_DSSS,frame_94,train
Combined_LTE_DSSS_frame_95.csv,95,1,10.0,LTE_DSSS,frame_95,train
Combined_LTE_DSSS_frame_96.csv,96,1,10.0,LTE_DSSS,frame_96,train
Combined_LTE_DSSS_frame_97.csv,97,1,0.0,LTE_DSSS,frame_97,train
Combined_LTE_DSSS_frame_98.csv,98,1,0.0,LTE_DSSS,frame_98,val
Combined_LTE_DSSS_frame_99.csv,99,1,5.0,LTE_DSSS,frame_99,train
OnlyLTE_frame_1.csv,1,0,,LTE,frame_1,train
OnlyLTE_frame_10.csv,10,0,,LTE,frame_10,train
OnlyLTE_frame_100.csv,100,0,,LTE,frame_100,train
OnlyLTE_frame_101.csv,101,0,,LTE,frame_101,train
OnlyLTE_frame_102.csv,102,0,,LTE,frame_102,train
OnlyLTE_frame_103.csv,103,0,,LTE,frame_103,test
OnlyLTE_frame_104.csv,104,0,,LTE,frame_104,val
OnlyLTE_frame_105.csv,105,0,,LTE,frame_105,train
OnlyLTE_frame_106.csv,106,0,,LTE,frame_106,train
OnlyLTE_frame_107.csv,107,0,,LTE,frame_107,test
OnlyLTE_frame_108.csv,108,0,,LTE,frame_108,val
OnlyLTE_frame_109.csv,109,0,,LTE,frame_109,train
OnlyLTE_frame_11.csv,11,0,,LTE,frame_11,train
OnlyLTE_frame_110.csv,110,0,,LTE,frame_110,train
OnlyLTE_frame_111.csv,111,0,,LTE,frame_111,train
OnlyLTE_frame_112.csv,112,0,,LTE,frame_112,val
OnlyLTE_frame_113.csv,113,0,,LTE,frame_113,val
OnlyLTE_frame_114.csv,114,0,,LTE,frame_114,train
OnlyLTE_frame_115.csv,115,0,,LTE,frame_115,val
OnlyLTE_frame_116.csv,116,0,,LTE,frame_116,test
OnlyLTE_frame_117.csv,117,0,,LTE,frame_117,train
OnlyLTE_frame_118.csv,118,0,,LTE,frame_118,train
OnlyLTE_frame_119.csv,119,0,,LTE,frame_119,test
OnlyLTE_frame_12.csv,12,0,,LTE,frame_12,train
OnlyLTE_frame_120.csv,120,0,,LTE,frame_120,val
OnlyLTE_frame_13.csv,13,0,,LTE,frame_13,train
OnlyLTE_frame_14.csv,14,0,,LTE,frame_14,test
OnlyLTE_frame_15.csv,15,0,,LTE,frame_15,val
OnlyLTE_frame_16.csv,16,0,,LTE,frame_16,test
OnlyLTE_frame_17.csv,17,0,,LTE,frame_17,train
OnlyLTE_frame_18.csv,18,0,,LTE,frame_18,train
OnlyLTE_frame_19.csv,19,0,,LTE,frame_19,train
OnlyLTE_frame_2.csv,2,0,,LTE,frame_2,test
OnlyLTE_frame_20.csv,20,0,,LTE,frame_20,train
OnlyLTE_frame_21.csv,21,0,,LTE,frame_21,train
OnlyLTE_frame_22.csv,22,0,,LTE,frame_22,train
OnlyLTE_frame_23.csv,23,0,,LTE,frame_23,train
OnlyLTE_frame_24.csv,24,0,,LTE,frame_24,train
OnlyLTE_frame_25.csv,25,0,,LTE,frame_25,test
OnlyLTE_frame_26.csv,26,0,,LTE,frame_26,train
OnlyLTE_frame_27.csv,27,0,,LTE,frame_27,train
OnlyLTE_frame_28.csv,28,0,,LTE,frame_28,train
OnlyLTE_frame_29.csv,29,0,,LTE,frame_29,train
OnlyLTE_frame_3.csv,3,0,,LTE,frame_3,train
OnlyLTE_frame_30.csv,30,0,,LTE,frame_30,train
OnlyLTE_frame_31.csv,31,0,,LTE,frame_31,test
OnlyLTE_frame_32.csv,32,0,,LTE,frame_32,train
OnlyLTE_frame_33.csv,33,0,,LTE,frame_33,train
OnlyLTE_frame_34.csv,34,0,,LTE,frame_34,val
OnlyLTE_frame_35.csv,35,0,,LTE,frame_35,train
OnlyLTE_frame_36.csv,36,0,,LTE,frame_36,train
OnlyLTE_frame_37.csv,37,0,,LTE,frame_37,train
OnlyLTE_frame_38.csv,38,0,,LTE,frame_38,train
OnlyLTE_frame_39.csv,39,0,,LTE,frame_39,train
OnlyLTE_frame_4.csv,4,0,,LTE,frame_4,test
OnlyLTE_frame_40.csv,40,0,,LTE,frame_40,train
OnlyLTE_frame_41.csv,41,0,,LTE,frame_41,val
OnlyLTE_frame_42.csv,42,0,,LTE,frame_42,train
OnlyLTE_frame_43.csv,43,0,,LTE,frame_43,train
OnlyLTE_frame_44.csv,44,0,,LTE,frame_44,train
OnlyLTE_frame_45.csv,45,0,,LTE,frame_45,train
OnlyLTE_frame_46.csv,46,0,,LTE,frame_46,train
OnlyLTE_frame_47.csv,47,0,,LTE,frame_47,train
OnlyLTE_frame_48.csv,48,0,,LTE,frame_48,val
OnlyLTE_frame_49.csv,49,0,,LTE,frame_49,train
OnlyLTE_frame_5.csv,5,0,,LTE,frame_5,train
OnlyLTE_frame_50.csv,50,0,,LTE,frame_50,train
OnlyLTE_frame_51.csv,51,0,,LTE,frame_51,train
OnlyLTE_frame_52.csv,52,0,,LTE,frame_52,test
OnlyLTE_frame_53.csv,53,0,,LTE,frame_53,test
OnlyLTE_frame_54.csv,54,0,,LTE,frame_54,train
OnlyLTE_frame_55.csv,55,0,,LTE,frame_55,val
OnlyLTE_frame_56.csv,56,0,,LTE,frame_56,train
OnlyLTE_frame_57.csv,57,0,,LTE,frame_57,train
OnlyLTE_frame_58.csv,58,0,,LTE,frame_58,train
OnlyLTE_frame_59.csv,59,0,,LTE,frame_59,train
OnlyLTE_frame_6.csv,6,0,,LTE,frame_6,train
OnlyLTE_frame_60.csv,60,0,,LTE,frame_60,train
OnlyLTE_frame_61.csv,61,0,,LTE,frame_61,train
OnlyLTE_frame_62.csv,62,0,,LTE,frame_62,train
OnlyLTE_frame_63.csv,63,0,,LTE,frame_63,train
OnlyLTE_frame_64.csv,64,0,,LTE,frame_64,train
OnlyLTE_frame_65.csv,65,0,,LTE,frame_65,test
OnlyLTE_frame_66.csv,66,0,,LTE,frame_66,train
OnlyLTE_frame_67.csv,67,0,,LTE,frame_67,train
OnlyLTE_frame_68.csv,68,0,,LTE,frame_68,val
OnlyLTE_frame_69.csv,69,0,,LTE,frame_69,val
OnlyLTE_frame_7.csv,7,0,,LTE,frame_7,test
OnlyLTE_frame_70.csv,70,0,,LTE,frame_70,val
OnlyLTE_frame_71.csv,71,0,,LTE,frame_71,train
OnlyLTE_frame_72.csv,72,0,,LTE,frame_72,train
OnlyLTE_frame_73.csv,73,0,,LTE,frame_73,train
OnlyLTE_frame_74.csv,74,0,,LTE,frame_74,val
OnlyLTE_frame_75.csv,75,0,,LTE,frame_75,train
OnlyLTE_frame_76.csv,76,0,,LTE,frame_76,train
OnlyLTE_frame_77.csv,77,0,,LTE,frame_77,train
OnlyLTE_frame_78.csv,78,0,,LTE,frame_78,train
OnlyLTE_frame_79.csv,79,0,,LTE,frame_79,train
OnlyLTE_frame_8.csv,8,0,,LTE,frame_8,train
OnlyLTE_frame_80.csv,80,0,,LTE,frame_80,val
OnlyLTE_frame_81.csv,81,0,,LTE,frame_81,train
OnlyLTE_frame_82.csv,82,0,,LTE,frame_82,train
OnlyLTE_frame_83.csv,83,0,,LTE,frame_83,train
OnlyLTE_frame_84.csv,84,0,,LTE,frame_84,train
OnlyLTE_frame_85.csv,85,0,,LTE,frame_85,train
OnlyLTE_frame_86.csv,86,0,,LTE,frame_86,train
OnlyLTE_frame_87.csv,87,0,,LTE,frame_87,val
OnlyLTE_frame_88.csv,88,0,,LTE,frame_88,train
OnlyLTE_frame_89.csv,89,0,,LTE,frame_89,train
OnlyLTE_frame_9.csv,9,0,,LTE,frame_9,val
OnlyLTE_frame_90.csv,90,0,,LTE,frame_90,train
OnlyLTE_frame_91.csv,91,0,,LTE,frame_91,test
OnlyLTE_frame_92.csv,92,0,,LTE,frame_92,test
OnlyLTE_frame_93.csv,93,0,,LTE,frame_93,train
OnlyLTE_frame_94.csv,94,0,,LTE,frame_94,train
OnlyLTE_frame_95.csv,95,0,,LTE,frame_95,train
OnlyLTE_frame_96.csv,96,0,,LTE,frame_96,train
OnlyLTE_frame_97.csv,97,0,,LTE,frame_97,train
OnlyLTE_frame_98.csv,98,0,,LTE,frame_98,val
OnlyLTE_frame_99.csv,99,0,,LTE,frame_99,train
